label	1st	2nd	3rd	4th	5th
กะหล่ำปลีผัดน้ำปลา	ถั่วฝักยาวผัดพริกขิงหมูกรอบ (0.92)	ผัดผักบุ้งไฟแดง (0.89)	หมูกรอบผัดพริกเกลือ (0.87)	ปลาหมึกผัดไข่เค็ม (0.86)	ผัดผักรวมมิตร (0.83)
ข้าวราดกะเพราหมู	ข้าวราดกะเพราหมูชาบู (1.00)	ข้าวราดกะเพราไก่ (0.87)	ข้าวราดกะเพราหมูกรอบ (0.87)	ข้าวราดกะเพราปลาหมึก (0.84)	ข้าวราดกะเพรากุ้ง (0.82)
ปอเปี๊ยะบานาน่าลีฟ	ถั่วแขกผัดกาน่าฉ่ายเจ (0.15)	ข้าวผัดเจ (0.03)	ข้าวผัดซีอิ้วเจ (0.02)	แกงจืดเต้าหู้สาหร่ายเจ (0.02)	แกงจืดเต้าหู้วุ้นเส้น สาหร่ายเจ (0.00)
ส้มตำไทย	ส้มตำไข่เค็ม (0.46)	ส้มตำเคลกรอบ (0.24)	ไก่ทอด/ส้มตำ/ข้าวเหนียว (0.17)	เฉาก๊วย ชาไทย (0.14)	ไอศครีมชาไทย (0.12)
ไข่พะโล้	ผัดไทยห่อไข่ (0.73)	สลัดไข่ (0.66)	ข้าวผัดไข่ (0.62)	แกงส้มชะอมไข่ (0.61)	ไข่ชะอมทอด 7 ชิ้น (0.55)
ไก่มะนาว	แกงป่าไก่ (0.72)	มัสมั่นไก่ (0.72)	ต้มข่าไก่ (0.70)	กะเพราไก่ (0.69)	แกงเขียวหวานไก่ (0.65)
ข้าวผัดเจ	ข้าวผัดซีอิ้วเจ (0.99)	แกงเขียวหวานเจ (0.84)	เต้าหู้ผัดกะเพราเจ (0.83)	ต้มยำเจ (0.83)	ผัดกะเพราเจ (0.80)
ต้มยำเห็ดใส่ยอดมะพร้าวเจ	แกงเขียวหวานยอดมะพร้าวเจ (0.80)	ต้มยำเห็ดเจ (0.78)	แกงเผ็ดยอดมะพร้าวเจ (0.77)	ยำเห็ดฟางเจ (0.72)	ผัดกะเพราเห็ดเจ (0.67)
ผัดกะเพราเห็ดเจ	ต้มข่าเห็ดเจ (0.99)	ต้มยำเห็ดเจ (0.92)	เห็ดสี่สหายเจ (0.90)	ยำเห็ดฟางเจ (0.83)	เต้าหู้ผัดกะเพราเจ (0.77)
ผัดผักรวมมิตรเจ	ผัดผักสี่สหายเจ (0.93)	ผัดผักบุ้ง เจ (0.90)	เต้าหู้ผัดถั่วงอกเจ (0.89)	ผัดคะน้าเจ (0.89)	ผัดวุ้นเส้นดอกไม้จีนเจ (0.87)
เต้าหู้น้ำแดงเจ	เต้าหู้น้ำแดง (0.56)	แกงจืดเต้าหู้สาหร่ายเจ (0.55)	แกงจืดเต้าหู้วุ้นเส้น สาหร่ายเจ (0.51)	เต้าหู้ผัดกะเพราเจ (0.51)	เต้าหู้และเผือกทอดเจ (0.47)
เนื้อปูผัดผงกะหรี่	เนื้อปูผัดพริกไทยดำ (0.90)	ปูนิ่มผัดผงกระหรี่ (0.76)	ไข่เจียวเนื้อปู (0.76)	เนื้อออสเตรเลียผัดน้ำมันหอย (0.75)	ข้าวผัดผงกระหรี่เนื้อ (0.73)
ต้มแซบกระดูกหมูอ่อน	ต้มแซ่บกระดูกหมู (0.96)	ข้าวต้มกระดูกหมู (0.88)	ต้มแซ่บหมูนุ่ม (0.85)	ต้มแซ่บหมูเด้ง (0.84)	แกงป่าหมู (0.78)
ผัดผักรวมมิตร	ผัดผักรวมมิตรหมูกรอบ (0.97)	ผัดผักรวมมิตรหมู (0.86)	ผัดผักรวมมิตรกุ้ง (0.86)	กะหล่ำปลีผัดน้ำปลา (0.83)	ถั่วฝักยาวผัดพริกขิงหมูกรอบ (0.82)
ลาบทอด	ปลาทูทอด (0.84)	ผัดไทยเกี๊ยวทอด (0.82)	ทอดมันปลา (0.82)	ปลาช่อนทอดส้มตำ (0.82)	แกงส้มปลาช่อน ทอด (0.78)
หมูสะเต๊ะ	แกงป่าหมู (0.97)	หมูสะเด็ด (0.97)	หมูแดดเดียว (0.96)	ผัดไทยหมู (0.91)	แกงเขียวหวานหมู (0.90)
เมี่ยงคำ	ส้มตำไข่เค็ม (0.24)	เมี่ยงชะพลู (0.24)	ข้าวผัดน้ำพริกเผาเนิ้อ (0.20)	แกงจืดหมูสับสาหร่าย (0.19)	ปอเปี๊ยะข้าวเหนียวไก่ทอด (0.18)
ยำชะพลูกรอบ	ยำผักบุ้งกรอบ (0.95)	ยำกุนเชียง (0.64)	ยำไส้กรอก (0.62)	ยำตะไคร้ (0.62)	ยำหอยนางรม (0.61)
ปลาหมึกนึ่งมะนาว	ปลาช่อนนึ่งมะนาว (0.86)	ปลากะพงนึ่งมะนาว (0.74)	กุ้งนึ่งกระเทียม (0.69)	เนื้อปลากะพงนึ่งมะนาว (0.65)	ปลาหมึกทอดกระเทียมพริกไทย (0.58)
เส้นหมี่ผัดกะเฉด	ผัดผักกะเฉด (0.90)	ผัดผักกะเฉดไฟแดง (0.89)	เส้นหมี่ผัดกะเฉดไก่ (0.86)	เส้นหมี่ผัดกะเฉดทะเล (0.86)	เส้นหมี่ผัดกะเฉดหมู (0.86)
ก๋วยเตี๋ยวราดหน้าหมูนุ่ม	กต.ผัดขี้เมาหมู (0.92)	ผัดไทยหมู (0.81)	กต.ราดหน้าไก่ (0.80)	กต.ราดหน้าปลาหมึก (0.78)	โรตีแกงเขียวหวานหมู (0.77)
ข้าวผัดกุนเชียง	ข้าวผัดหมูยอ (0.98)	ข้าวผัดหนำเลี้ยบ (0.98)	ข้าวผัดน้ำพริกเผาเนิ้อ (0.94)	ข้าวผัดน้ำพริกเผาปลาหมึก (0.83)	ข้าวผัดปลาหมึก (0.82)
ข้าวผัดซีอิ๊วหมู	ข้าวผัดน้ำพริกเผาหมู (0.92)	กต.ผัดซีอิ๊วหมู (0.91)	ข้าวผัดหมู (0.91)	ข้าวผัดเขียวหวานหมู (0.91)	ข้าวผัดซีอิ๊วไก่ (0.83)
ข้าวผัดผงกระหรี่ปลาหมึก	ข้าวผัดผงกระหรี่กุ้ง (0.89)	ปลาหมึกผัดผงกระหรี่ (0.88)	ข้าวผัดผงกระหรี่ไก่ (0.86)	ข้าวผัดผงกระหรี่หมู (0.85)	ข้าวผัดผงกระหรี่เนื้อ (0.80)
ข้าวผัดพริกสดปลาหมึก	ข้าวผัดพริกสดกุ้ง (0.88)	ข้าวผัดพริกสดไก่ (0.84)	ข้าวผัดพริกสดหมู (0.82)	ข้าวผัดน้ำพริกเผาปลาหมึก (0.80)	ข้าวผัดปลาหมึก (0.78)
ข้าวผัดพริกสดหมู	ข้าวผัดพริกสดไก่ (0.86)	ข้าวผัดน้ำพริกเผาหมู (0.85)	ข้าวผัดเขียวหวานหมู (0.84)	ข้าวผัดหมู (0.83)	ข้าวผัดพริกสดปลาหมึก (0.82)
ข้าวผัดพริกสดไก่	ข้าวผัดพริกสดหมู (0.86)	ข้าวผัดพริกสดปลาหมึก (0.84)	ข้าวผัดน้ำพริกเผาไก่ (0.83)	ข้าวผัดเขียวหวานไก่ (0.82)	ข้าวผัดไก่ (0.81)
ข้าวผัดเขียวหวานหมู	ข้าวผัดหมู (0.99)	ข้าวผัดน้ำพริกเผาหมู (0.98)	ข้าวผัดซีอิ๊วหมู (0.91)	กต.ผัดแกงเขียวหวานหมู (0.88)	แกงเขียวหวานหมู (0.86)
ข้าวผัดเขียวหวานเนื้อ	โรตีแกงเขียวหวานเนื้อ (0.85)	ข้าวผัดพริกสดเนื้อ (0.84)	แกงเขียวหวานเนื้อ (0.84)	แกงเขียวหวานเนื้อพริกขี้หนู (0.83)	แกงป่าเนื้อ (0.77)
ข้าวผัดเขียวหวานไก่	ข้าวผัดไก่ (0.99)	ข้าวผัดน้ำพริกเผาไก่ (0.97)	ข้าวผัดซีอิ๊วไก่ (0.89)	กต.ผัดแกงเขียวหวานไก่ (0.85)	ข้าวผัดพริกสดไก่ (0.82)
ข้าวราดหน้าเนื้อน้ำมันหอย	ข้าวราดหน้าหมูน้ำมันหอย (0.77)	เนื้อออสเตรเลียผัดน้ำมันหอย (0.75)	ข้าวราดกะเพราเนื้อปลากะพง (0.73)	ข้าวราดกะเพราเนื้อชัคโรล (0.73)	ข้าวราดไข่เจียวเนื้อปู (0.70)
ข้าวหน้าไก่	ข้าวราดกะเพราไก่ (0.71)	ข้าวหน้าคอหมูย่าง ไข่ดองซีอิ๊ว (0.63)	ข้าวหน้าไก่ทอดกระเทียม (0.63)	ข้าวราดหน้าหมูน้ำมันหอย (0.59)	ข้าวหน้าหมูทอดกระเทียม (0.59)
ข้าวอบเห็ดหอม	เมี่ยงเห็ด (0.88)	ต้มโคล้งเห็ดฟาง (0.81)	ยำเห็ดฟาง (0.67)	ยำเห็ดเข็มทอง (0.60)	ผัดเห็ดเข็มทองน้ำมันหอย (0.52)
ผัดไทยกุ้งสด	ส้มตำกุ้งสด (0.94)	แกงเลียงกุ้งสด (0.94)	ข้าวผัดพริกสดกุ้ง (0.84)	ยำคะน้ากุ้งสด (0.83)	ผัดไทยกุ้งแม่น้ำ (0.81)
ยำปลาดุกฟู	ยำไส้กรอก (0.75)	ยำตะไคร้ (0.74)	ยำกุนเชียง (0.74)	ยำหอยนางรม (0.73)	ยำทูน่า (0.71)
ข้าวผัดน้ำพริกกะปิปลาทูทอด	น้ำพริกกะปิปลาทูทอด (0.92)	ข้าวผัดน้ำพริกลงเรือ (0.79)	ปลาช่อนทอดส้มตำ (0.78)	แกงส้มปลาช่อน ทอด (0.77)	ผัดไทยเกี๊ยวทอด (0.76)
ยำถั่วพลู	ยำตะไคร้ (0.88)	ยำไส้กรอก (0.87)	ยำกุนเชียง (0.87)	ยำหอยนางรม (0.85)	ยำมะม่วง (0.85)
ต้มยำเอ็นหมู	ยำเอ็นหมู (0.87)	แกงเขียวหวานหมู (0.85)	แกงป่าหมู (0.83)	กต.ผัดแกงเขียวหวานหมู (0.82)	ผัดไทยหมู (0.81)
กุ้งผัดหน่อไม้ฝรั่ง	กุ้งผัดหนำเลี๊ยบ (0.99)	กุ้งผัดเม็ดมะม่วงหิมพานต์ (0.96)	กุ้งผัดพริกขี้หนูสวน (0.96)	ผัดมะกะโรนีกุ้ง (0.94)	ผัดผักรวมมิตรกุ้ง (0.92)
ไก่ห่อใบเตย	มัสมั่นไก่ (0.73)	แกงป่าไก่ (0.73)	ต้มข่าไก่ (0.73)	กะเพราไก่ (0.71)	แกงเขียวหวานไก่ (0.67)
มะม่วงกวน	มะม่วงมะพร้าวปั่น (0.43)	ยำมะม่วง (0.37)	สาคูแคนตาลูป (0.35)	ลิ้นจี่ลอยแก้ว (0.31)	มะม่วงปั่น (0.25)
ข้าวอบสับปะรด	ข้าวอบสัปปะรด (0.81)	สาคูแคนตาลูป (0.39)	ผัดผักรวมมิตรกุ้ง (0.35)	ข้าวผัดพริกสดปลาหมึก (0.34)	ข้าวผัดพริกสดกุ้ง (0.34)
ต้มแซ่บหมูนุ่ม	ต้มแซ่บหมูเด้ง (0.96)	ต้มแซ่บกระดูกหมู (0.90)	ต้มแซบกระดูกหมูอ่อน (0.85)	แกงป่าหมู (0.79)	หมูสะเด็ด (0.79)
ข้าวราดกะเพราหมูกรอบ	ข้าวราดกะเพราปลาหมึก (0.91)	ข้าวราดกะเพราหมู (0.87)	ข้าวราดกะเพราหมูชาบู (0.86)	ข้าวราดกะเพราไก่ (0.85)	ข้าวราดกะเพรากุ้ง (0.83)
ก๋วยเตี๋ยวเนื้อสับ	กต.ราดหน้าเนื้อ (0.91)	โรตีแกงเขียวหวานเนื้อ (0.75)	ลาบเนื้อ (0.75)	แกงเขียวหวานเนื้อ (0.74)	แกงเขียวหวานเนื้อพริกขี้หนู (0.73)
กุ้งกระเบื้อง	กุ้งแกะ 5 ตัว (0.95)	ต้มข่ากุ้ง (0.94)	แกงป่ากุ้ง (0.94)	ทอดมันกุ้ง (0.93)	พล่ากุ้ง (0.92)
น้ำแคนตาลูปปั่น	น้ำแตงโมปั่น (0.99)	น้ำสับปะรดปั่น (0.98)	น้ำลิ้นจี่ปั่น (0.98)	น้ำแก้วมังกรปั่น (0.95)	น้ำมะพร้าวปั่น (0.89)
น้ำแตงโมปั่น	น้ำแคนตาลูปปั่น (0.99)	น้ำลิ้นจี่ปั่น (0.98)	น้ำสับปะรดปั่น (0.98)	น้ำแก้วมังกรปั่น (0.96)	น้ำมะพร้าวปั่น (0.89)
ต้มข่าไก่	มัสมั่นไก่ (0.98)	แกงป่าไก่ (0.97)	แกงเขียวหวานไก่ (0.90)	ผัดไทยไก่ (0.88)	ต้มยำไก่ (0.86)
กุ้งผัดพริกขี้หนูสวน	กุ้งผัดหน่อไม้ฝรั่ง (0.96)	กุ้งผัดหนำเลี๊ยบ (0.95)	กุ้งผัดเม็ดมะม่วงหิมพานต์ (0.93)	ผัดผักรวมมิตรกุ้ง (0.90)	ผัดมะกะโรนีกุ้ง (0.89)
แกงจืดลูกรอก	แกงจืดไข่น้ำ (0.96)	แกงจืดหมูสับสาหร่าย (0.64)	แกงจืดรวมมิตร (0.64)	แกงจืดผักกาดขาวหมูสับ (0.64)	แกงจืดเต้าหู้ วุ้นเส้น หมูสับ (0.61)
ก๋วยเตี๋ยวผัดซีอิ๊วหมู	ข้าวผัดซีอิ๊วหมู (0.91)	กต.ผัดแกงเขียวหวานหมู (0.82)	แกงเขียวหวานหมู (0.80)	แกงเขียวหวานหมูพริกขี้หนู (0.80)	แกงป่าหมู (0.79)
ยำไส้กรอก	ยำกุนเชียง (0.97)	ยำตะไคร้ (0.95)	ยำหอยนางรม (0.94)	ยำทูน่า (0.91)	ยำถั่วพลู (0.87)
น้ำกระเจี๊ยบ	น้ำขิง (0.96)	น้ำมะตูม (0.96)	น้ำเก็กฮวยรสน้ำผึ้ง (0.91)	น้ำปลาเห็ดฟาง (0.90)	น้ำใบเตย (0.89)
น้ำพริกหนุ่มหมูทอด	ขาหมูทอดส้มตำ (0.90)	หมูทอดกระเทียมพริกไทย (0.75)	โรตีแกงเขียวหวานหมู (0.75)	กต.ผัดแกงเขียวหวานหมู (0.74)	แกงเขียวหวานหมู (0.74)
ปลาดุกฟูขี้เมากะเพรากรอบ	ปลาดอรี่ขี้เมากะเพรากรอบ (0.68)	ผัดมะกะโรนีขี้เมากะเพรากรอบกุ้ง (0.59)	ผัดมะกะโรนีขี้เมากะเพรากรอบหมู (0.59)	กะเพราปลาหมึก (0.47)	ยำชะพลูกรอบ (0.45)
แกงเลียงกุ้งสด	ผัดไทยกุ้งสด (0.94)	ส้มตำกุ้งสด (0.92)	ยำคะน้ากุ้งสด (0.81)	ข้าวผัดพริกสดกุ้ง (0.81)	ทอดมันกุ้ง (0.78)
ต้มยำกุ้ง	ต้มยำโป๊ะแตก (0.22)	ต้มยำรวมมิตร (0.17)	กต.ผัดแกงเขียวหวานกุ้ง (0.13)	กุ้งแช่น้ำปลา (0.12)	ผัดไทยกุ้งแม่น้ำ (0.08)
ก๋วยเตี๋ยวหมูสับ	กต.ทรงเครื่อง (0.85)	กต.หลอดทรงเครื่อง (0.78)	กต.ราดหน้าปลาหมึก (0.78)	กต.ผัดขี้เมาหมู (0.76)	กต.ราดหน้าหมูนุ่ม (0.75)
ข้าวผัดมันกุ้ง	ข้าวผัดกุ้ง (0.98)	ข้าวผัดเขียวหวานกุ้ง (0.98)	ข้าวผัดน้ำพริกเผากุ้ง (0.96)	ข้าวผัดซีอิ๊วกุ้ง (0.91)	กต.ผัดแกงเขียวหวานกุ้ง (0.86)
ข้าวผัดอเมริกัน	กุ้งแช่น้ำปลา (0.30)	ไข่เจียวหมูสับ (0.26)	ข้าวผัดน้ำพริกเผาเนิ้อ (0.22)	ปอเปี๊ยะข้าวเหนียวไก่ทอด (0.21)	ข้าวผัดกุนเชียง (0.21)
สลัดโรล	สลัดแฮม (0.82)	สลัดผักสด (0.79)	สลัดทูน่า (0.74)	สลัดไข่ (0.43)	สลัดปู (0.40)
หมูสะเด็ด	หมูสะเต๊ะ (0.97)	แกงป่าหมู (0.95)	หมูแดดเดียว (0.93)	หมูน้ำตก (0.87)	ผัดไทยหมู (0.87)
แกงส้มชะอมไข่กุ้ง	แกงป่ากุ้ง (0.77)	แกงส้มชะอมไข่ (0.77)	แกงเขียวหวานกุ้ง (0.76)	ทอดมันกุ้ง (0.76)	ไข่เจียวกุ้งสับ (0.75)
ไข่เจียวหมูสับ	ข้าวผัดน้ำพริกเผาเนิ้อ (0.32)	ข้าวผัดกุนเชียง (0.31)	ข้าวผัดหมูยอ (0.31)	ข้าวผัดหนำเลี้ยบ (0.28)	ข้าวผัดน้ำพริกเผาหมู (0.27)
น้ำมะนาวปั่น	น้ำสับปะรดปั่น (0.89)	น้ำแคนตาลูปปั่น (0.88)	น้ำลิ้นจี่ปั่น (0.88)	น้ำมะพร้าวปั่น (0.88)	น้ำแตงโมปั่น (0.87)
น้ำแดงมะนาวโซดา	น้ำเขียวมะนาวโซดา (0.94)	น้ำมะนาวโซดา (0.94)	น้ำมะนาว (0.90)	น้ำอัญชัญมะนาวโซดา (0.88)	น้ำอัญชัญมะนาว (0.82)
ยำคะน้ากุ้งสด	ผัดไทยกุ้งสด (0.83)	ข้าวผัดพริกสดกุ้ง (0.83)	ส้มตำกุ้งสด (0.83)	แกงเลียงกุ้งสด (0.81)	ผัดผักรวมมิตรกุ้ง (0.74)
เต้าหู้ผัดพริกกระเทียม	ปลาหมึกผัดกระเทียม (0.90)	หมูกรอบผัดพริกเกลือ (0.87)	กะหล่ำปลีผัดน้ำปลา (0.80)	ปูนิ่มผัดพริกไทยดำ (0.75)	ปลาหมึกผัดไข่เค็ม (0.75)
แกงจืดเต้าหู้หมูสับสาหร่าย	แกงจืดหมูสับสาหร่าย (0.94)	แกงจืดเต้าหู้ วุ้นเส้น หมูสับ (0.87)	แกงจืดผักกาดขาวหมูสับ (0.76)	แกงจืดไข่น้ำ (0.62)	ข้าวต้มหมูสับ (0.60)
คะน้าหมูกรอบ	คะน้าปลาเค็ม (0.74)	กะเพราหมูกรอบ (0.65)	ผัดผักรวมมิตรหมูกรอบ (0.57)	ถั่วฝักยาวผัดพริกขิงหมูกรอบ (0.55)	หมูกรอบผัดพริกเกลือ (0.44)
ปลากะพงทอดน้ำปลา	ปลากะพงทอดกระเทียม (0.91)	ปลากะพงทอดกรอบ (0.90)	แกงส้มเนื้อปลากะพง ทอด (0.83)	เนื้อปลากะพงทอดพริกไทยดำ (0.82)	ปลากะพงผัดฉ่า (0.82)
ถั่วฝักยาวผัดพริกขิงหมูกรอบ	กะหล่ำปลีผัดน้ำปลา (0.92)	ผัดผักรวมมิตรหมูกรอบ (0.88)	หมูกรอบผัดพริกเกลือ (0.87)	ผัดผักบุ้งไฟแดง (0.87)	ปลาหมึกผัดไข่เค็ม (0.85)
ยำวุ้นเส้น	ยำวุ้นเส้นพม่า (0.98)	ยำกุนเชียง (0.83)	ยำไส้กรอก (0.82)	ยำตะไคร้ (0.81)	ยำหอยนางรม (0.80)
ปีกไก่ทอดสมุนไพร	ปีกไก่ทอด (0.91)	ปอเปี๊ยะข้าวเหนียวไก่ทอด (0.51)	ไก่ทอดกระเทียมพริกไทย (0.28)	โรตีแกงเขียวหวานไก่ (0.23)	โรตีแกงเขียวหวานหมู (0.22)
ออส่วนกระทะร้อน	น้ำตะไคร้ร้อน (0.63)	โอวัลตินร้อน (0.59)	หอยแมลงภู่นิวซีแลนด์ส่วนกะทะร้อน (0.44)	กุ้งส่วนกะทะร้อน (0.39)	น้ำมะตูมร้อน (0.24)
แกงส้มปลาช่อนทอด	ปลาช่อนทอดส้มตำ (0.87)	น้ำพริกกะปิปลาทูทอด (0.80)	ปลาทูทอด (0.79)	ลาบทอด (0.78)	ข้าวผัดน้ำพริกกะปิปลาทูทอด (0.77)
ยำตะไคร้	ยำกุนเชียง (0.96)	ยำไส้กรอก (0.95)	ยำหอยนางรม (0.93)	ยำมะม่วง (0.89)	ยำทูน่า (0.88)
ยำวุ้นเส้นพม่า	ยำวุ้นเส้น (0.98)	ยำกุนเชียง (0.81)	ยำไส้กรอก (0.80)	ยำตะไคร้ (0.79)	ยำหอยนางรม (0.78)
ปลากะพงนึ่งมะนาว	ปลากะพงนึ่งบ๊วย (0.90)	ปลากะพงนึ่งซีอิ๊ว (0.87)	เนื้อปลากะพงนึ่งมะนาว (0.85)	ปลากะพงสามรส (0.79)	ปลากะพงแป๊ะซะ (0.78)
น้ำอัญชัญมะนาวโซดา	น้ำอัญชัญมะนาว (0.96)	น้ำมะนาวโซดา (0.92)	น้ำเขียวมะนาวโซดา (0.92)	น้ำแดงมะนาวโซดา (0.88)	น้ำมะนาว (0.87)
กุ้งผัดหนำเลี๊ยบ	กุ้งผัดหน่อไม้ฝรั่ง (0.99)	กุ้งผัดเม็ดมะม่วงหิมพานต์ (0.95)	กุ้งผัดพริกขี้หนูสวน (0.95)	ผัดมะกะโรนีกุ้ง (0.93)	ผัดผักรวมมิตรกุ้ง (0.91)
ข้าวผัดกุ้ง	ข้าวผัดเขียวหวานกุ้ง (0.99)	ข้าวผัดมันกุ้ง (0.98)	ข้าวผัดน้ำพริกเผากุ้ง (0.98)	ข้าวผัดซีอิ๊วกุ้ง (0.92)	กต.ผัดแกงเขียวหวานกุ้ง (0.88)
ก๋วยเตี๋ยวหลอดลุยสวน	กต.หลอดทรงเครื่อง (0.86)	กต.ทรงเครื่อง (0.74)	กต.หมูสับ (0.69)	กต.ราดหน้าปลาหมึก (0.60)	กต.ผัดขี้เมาหมู (0.59)
คอหมูย่าง	ส้มตำคอหมูย่าง (0.92)	ยำคอหมูย่าง (0.85)	หมูสะเต๊ะ (0.77)	แกงป่าหมู (0.76)	หมูแดดเดียว (0.75)
เมี่ยงชะพลู	กะเพราหมูกรอบ (0.30)	ข้าวราดกะเพราหมูชาบู (0.26)	กะเพราหมู (0.26)	ผัดผักรวมมิตรหมู (0.26)	ข้าวราดกะเพราหมูกรอบ (0.26)
ทอดมันข้าวโพดกุ้งสับ	ไข่เจียวกุ้งสับ (0.92)	ทอดมันกุ้ง (0.91)	ต้มข่ากุ้ง (0.88)	แกงป่ากุ้ง (0.88)	กุ้งแกะ 5 ตัว (0.86)
ผัดผักกะเฉดไฟแดง	ผัดผักกะเฉด (0.98)	เส้นหมี่ผัดกะเฉด (0.89)	เส้นหมี่ผัดกะเฉดไก่ (0.79)	เส้นหมี่ผัดกะเฉดทะเล (0.79)	เส้นหมี่ผัดกะเฉดหมู (0.78)
ปอเปี๊ยะข้าวเหนียวไก่ทอด	ไก่ทอด/ส้มตำ/ข้าวเหนียว (0.57)	ข้าวผัดน้ำพริกเผาหมู (0.55)	โรตีแกงเขียวหวานหมู (0.55)	ข้าวผัดเขียวหวานหมู (0.52)	ขาหมูทอดส้มตำ (0.52)
แกงจืดไข่น้ำ	แกงจืดลูกรอก (0.96)	แกงจืดรวมมิตร (0.70)	แกงจืดหมูสับสาหร่าย (0.69)	แกงจืดผักกาดขาวหมูสับ (0.67)	แกงจืดเต้าหู้ วุ้นเส้น หมูสับ (0.66)
แกงเผ็ดยอดมะพร้าวกุ้ง	แกงป่ากุ้ง (0.70)	ทอดมันกุ้ง (0.70)	แกงเขียวหวานกุ้ง (0.68)	ต้มข่ากุ้ง (0.68)	ทอดมันข้าวโพดกุ้งสับ (0.67)
น้ำพริกกะปิปลาทูทอด	ข้าวผัดน้ำพริกกะปิปลาทูทอด (0.92)	ปลาทูทอด (0.80)	แกงส้มปลาช่อน ทอด (0.80)	ปลาช่อนทอดส้มตำ (0.79)	ผัดไทยเกี๊ยวทอด (0.76)
มะม่วงมะพร้าวปั่น	มะม่วงปั่น (0.79)	น้ำมะพร้าวปั่น (0.57)	มะยงชิดปั่น (0.52)	น้ำส้มปั่น (0.49)	น้ำมะนาวปั่น (0.43)
ทอดมันกุ้ง	ต้มข่ากุ้ง (0.97)	แกงป่ากุ้ง (0.97)	กุ้งแกะ 5 ตัว (0.95)	พล่ากุ้ง (0.94)	กุ้งกระเบื้อง (0.93)
เบียร์ไฮเนเก้น	เบียร์สิงห์ (0.71)	สลัดแฮม (0.00)	หอยแมลงภู่นิวซีแลนด์อบเนยกระเทียม (0.00)	กต.หลอดทรงเครื่อง (0.00)	ปลาหมึกทอดกระเทียมพริกไทย (0.00)
แกงเขียวหวานลูกชิ้นปลากราย	โรตีแกงเขียวหวานลูกชิ้นปลากราย (0.96)	แกงป่าปลากราย (0.90)	ข้าวผัดเขียวหวานปลากราย (0.87)	ขนมจีบปลากราย (0.85)	แกงส้มปลาทูน่า (0.74)
น้ำมะพร้าวปั่น	น้ำสับปะรดปั่น (0.90)	น้ำแคนตาลูปปั่น (0.89)	น้ำลิ้นจี่ปั่น (0.89)	น้ำแตงโมปั่น (0.89)	น้ำมะนาวปั่น (0.88)
หอยแมลงภู่นิวซีแลนด์ส่วนกะทะร้อน	หอยแมลงภู่นิวซีแลนด์อบหม้อดิน (0.64)	กุ้งส่วนกะทะร้อน (0.56)	หอยแมลงภู่นิวซีแลนด์อบเนยกระเทียม (0.51)	ออส่วนกระทะร้อน (0.44)	คะน้าฮ่องกงน้ำมันหอย (0.40)
ชามะนาว	น้ำผึ้งมะนาว (0.66)	ชาจีน (0.41)	ชาดำเย็น (0.41)	น้ำอัญชัญมะนาวโซดา (0.35)	ไก่มะนาว (0.33)
จุ๋ยก๊วย	สลัดแฮม (0.00)	หอยแมลงภู่นิวซีแลนด์อบเนยกระเทียม (0.00)	กต.หลอดทรงเครื่อง (0.00)	ปลาหมึกทอดกระเทียมพริกไทย (0.00)	พล่ากุ้ง (0.00)
ชาจีน	ชาไทย (0.64)	เฉาก๊วย ชาไทย (0.63)	ไอศครีมชาไทย (0.56)	ชาดำเย็น (0.53)	ชามะนาว (0.41)
เต้าหู้น้ำแดง	น้ำเก็กฮวยรสน้ำผึ้ง (0.78)	น้ำกระเจี๊ยบ (0.77)	น้ำขิง (0.77)	น้ำมะตูม (0.76)	น้ำปลาเห็ดฟาง (0.75)
ปลาดอรี่ขี้เมากะเพรากรอบ	ปลาดุกฟูขี้เมากะเพรากรอบ (0.68)	ข้าวผัดเขียวหวานปลากราย (0.67)	โรตีแกงเขียวหวานลูกชิ้นปลากราย (0.67)	ปลากะพงทอดกรอบ (0.67)	แกงเขียวหวานลูกชิ้นปลากราย (0.65)
เส้นหมี่ผัดกะเฉดกุ้ง	กุ้งผัดหนำเลี๊ยบ (0.86)	เส้นหมี่ผัดกะเฉด (0.85)	กุ้งผัดหน่อไม้ฝรั่ง (0.85)	เส้นหมี่ผัดกะเฉดหมู (0.84)	เส้นหมี่ผัดกะเฉดไก่ (0.84)
ซี่โครงขลุกขลิก	ยำเนื้อออสเตรเลียย่าง (0.19)	ผัดมะกะโรนีขี้เมากะเพรากรอบหมู (0.18)	โรตีแกงเขียวหวานเนื้อ (0.18)	แกงเขียวหวานเนื้อพริกขี้หนู (0.17)	ข้าวต้มหมูสับ (0.16)
ทะเลรวมผัดฉ่า	ห่อหมกทะเล (0.55)	แกงส้มทะเล (0.43)	ผัดไทยทะเล (0.43)	ไข่ตุ๋นต้มยำทะเลหม้อไฟ (0.39)	ข้าวผัดทะเล (0.32)
น้ำส้มปั่น	มะยงชิดปั่น (0.94)	มะม่วงปั่น (0.82)	มะม่วงมะพร้าวปั่น (0.49)	น้ำแคนตาลูปปั่น (0.39)	น้ำแตงโมปั่น (0.38)
เส้นหมี่ผัดกะเฉดหมู	เส้นหมี่ผัดกะเฉดไก่ (0.89)	เส้นหมี่ผัดกะเฉด (0.86)	เส้นหมี่ผัดกะเฉดกุ้ง (0.84)	ผัดผักกะเฉด (0.79)	ผัดผักรวมมิตรหมู (0.79)
มัสมั่นไก่	ต้มข่าไก่ (0.98)	แกงป่าไก่ (0.96)	แกงเขียวหวานไก่ (0.87)	ผัดไทยไก่ (0.86)	ลาบไก่ (0.83)
ห่อหมกทะเล	ผัดไทยทะเล (0.84)	แกงส้มทะเล (0.78)	ไข่ตุ๋นต้มยำทะเลหม้อไฟ (0.72)	กะเพราทะเล (0.70)	ข้าวผัดทะเล (0.66)
กะเพราหมู	แกงป่าหมู (0.85)	แกงเขียวหวานหมูพริกขี้หนู (0.84)	แกงเขียวหวานหมู (0.83)	หมูสะเต๊ะ (0.83)	หมูแดดเดียว (0.82)
กุ้งแช่น้ำปลา	ข้าวผัดน้ำพริกเผาปลาหมึก (0.49)	ข้าวผัดน้ำพริกเผากุ้ง (0.47)	กต.ผัดแกงเขียวหวานกุ้ง (0.47)	ข้าวผัดน้ำพริกเผาเนิ้อ (0.46)	ข้าวผัดเขียวหวานกุ้ง (0.45)
ข้าวราดกะเพราเจ	กะเพราหมูสับเจ (0.67)	กะเพราหมูกรอบเจ (0.65)	ข้าวราดกะเพราหมูกรอบ (0.62)	หมูกรอบเจคั่วพริกเกลือ (0.62)	ผัดผักสี่สหายเจ (0.57)
น้ำมะพร้าว	น้ำมะตูม (0.85)	น้ำขิง (0.84)	น้ำมะพร้าวปั่น (0.84)	น้ำกระเจี๊ยบ (0.83)	น้ำเก็กฮวยรสน้ำผึ้ง (0.82)
น้ำใบเตย	น้ำมะตูม (0.90)	น้ำกระเจี๊ยบ (0.89)	น้ำขิง (0.87)	น้ำปลาเห็ดฟาง (0.85)	น้ำเก็กฮวยรสน้ำผึ้ง (0.85)
ข้าวผัดหมู	ข้าวผัดเขียวหวานหมู (0.99)	ข้าวผัดน้ำพริกเผาหมู (0.97)	ข้าวผัดซีอิ๊วหมู (0.91)	กต.ผัดแกงเขียวหวานหมู (0.87)	แกงเขียวหวานหมู (0.86)
น้ำตะไคร้	น้ำส้มคั้น (0.14)	น้ำอัญชัญมะนาวโซดา (0.11)	น้ำมะนาวโซดา (0.06)	น้ำอัญชัญมะนาว (0.06)	น้ำเขียวมะนาวโซดา (0.05)
เฉาก๊วยลูกชิดขนุน	มะพร้าวอ่อนหวานเย็น (0.30)	สาคูแคนตาลูป (0.29)	เฉาก๊วย นมชมพู (0.26)	มะยงชิดลอยแก้ว (0.25)	มะม่วงกวน (0.23)
ไอศกรีมกะทิสด	ไอศครีมวานิลา (0.43)	ไอศครีมช็อกโกแลต (0.38)	แกงเลียงกุ้งสด (0.36)	ส้มตำกุ้งสด (0.35)	ผัดไทยกุ้งสด (0.35)
น้ำตะไคร้ร้อน	โอวัลตินร้อน (0.94)	ออส่วนกระทะร้อน (0.63)	น้ำขิงร้อน (0.45)	น้ำมะตูมร้อน (0.43)	หอยแมลงภู่นิวซีแลนด์ส่วนกะทะร้อน (0.23)
น้ำมะตูม	น้ำกระเจี๊ยบ (0.96)	น้ำขิง (0.96)	น้ำเก็กฮวยรสน้ำผึ้ง (0.91)	น้ำใบเตย (0.90)	น้ำปลาเห็ดฟาง (0.89)
ข้าวหมูกรอบคั่วพริกเกลือไข่เป็ดดาว	หมูกรอบผัดพริกเกลือ (0.60)	เต้าหู้ผัดพริกกระเทียม (0.57)	ข้าวผัดพริกสดไก่ (0.56)	แกงส้มชะอมไข่กุ้ง (0.55)	เนื้อปลากะพงทอดพริกไทยดำ (0.55)
ปลากะพงผัดฉ่า	ปลากะพงแป๊ะซะ (0.99)	ปลากะพงสามรส (0.99)	แกงส้มปลากะพง ตัว (0.90)	ปลากะพงมหัสจรรย์ (0.89)	ปลากะพงนึ่งบ๊วย (0.85)
แพนงหมู	หมูสะเต๊ะ (0.71)	หมูสะเด็ด (0.71)	แกงป่าหมู (0.70)	หมูแดดเดียว (0.69)	หมูน้ำตก (0.68)
ข้าวหน้าหมูทอดกระเทียม	ข้าวหน้าปลาหมึกทอดกระเทียม (0.88)	ข้าวหน้ากุ้งทอดกระเทียม (0.86)	หมูทอดกระเทียมพริกไทย (0.85)	ข้าวหน้าไก่ทอดกระเทียม (0.79)	ข้าวราดกะเพราหมู (0.78)
ต้มยำโป๊ะแตก	ต้มยำรวมมิตร (0.83)	ยำวุ้นเส้น (0.48)	ยำวุ้นเส้นพม่า (0.47)	ไข่ตุ๋นต้มยำทะเลหม้อไฟ (0.44)	ยำกุนเชียง (0.44)
ไข่ชะอมทอด	ปลาทูทอด (0.77)	ทอดมันปลา (0.73)	แกงส้มปลาช่อน ทอด (0.70)	ลาบทอด (0.69)	ผัดไทยเกี๊ยวทอด (0.67)
ไข่ตุ๋นต้มยำทะเลหม้อไฟ	ผัดไทยทะเล (0.80)	ข้าวผัดทะเล (0.76)	ยำทะเล (0.74)	กต.ทะเลน้ำพริกเผา (0.73)	ห่อหมกทะเล (0.72)
โรตีแกงเขียวหวานหมู	แกงเขียวหวานหมู (0.96)	กต.ผัดแกงเขียวหวานหมู (0.96)	แกงเขียวหวานหมูพริกขี้หนู (0.91)	ผัดไทยหมู (0.89)	แกงป่าหมู (0.87)
ปลาหมึกผัดผงกระหรี่	ข้าวผัดผงกระหรี่ปลาหมึก (0.88)	ปูนิ่มผัดผงกระหรี่ (0.86)	ข้าวผัดผงกระหรี่กุ้ง (0.77)	ข้าวผัดผงกระหรี่ไก่ (0.75)	ข้าวผัดผงกระหรี่หมู (0.75)
แกงส้มกุ้ง	ข้าวผัดน้ำพริกกะปิปลาทูทอด (0.49)	ข้าวผัดน้ำพริกลงเรือ (0.47)	ผัดผักรวมมิตรหมูกรอบ (0.44)	หมูกรอบผัดพริกเกลือ (0.44)	ข้าวผัดน้ำพริกหนุ่ม (0.44)
ไก่ผัดเม็ดมะม่วงหิมพานต์	ผัดมะกะโรนีไก่ (0.87)	เส้นหมี่ผัดกะเฉดไก่ (0.80)	กุ้งผัดเม็ดมะม่วงหิมพานต์ (0.76)	ข้าวผัดน้ำพริกเผาไก่ (0.73)	ปลาหมึกผัดไข่เค็ม (0.73)
ยำผักบุ้งกรอบ	ยำชะพลูกรอบ (0.95)	ยำกุนเชียง (0.66)	ยำตะไคร้ (0.65)	ยำไส้กรอก (0.63)	ยำหอยนางรม (0.63)
ขาหมูทอดส้มตำ	น้ำพริกหนุ่มหมูทอด (0.90)	หมูทอดกระเทียมพริกไทย (0.79)	ปลาช่อนทอดส้มตำ (0.78)	โรตีแกงเขียวหวานหมู (0.77)	ข้าวหน้าหมูทอดกระเทียม (0.76)
ยำทะเล	ไข่ตุ๋นต้มยำทะเลหม้อไฟ (0.74)	ผัดไทยทะเล (0.67)	แกงส้มทะเล (0.66)	ข้าวผัดทะเล (0.65)	ห่อหมกทะเล (0.60)
ต้มแซ่บหมูเด้ง	ต้มแซ่บหมูนุ่ม (0.96)	ต้มแซ่บกระดูกหมู (0.92)	ต้มแซบกระดูกหมูอ่อน (0.84)	แกงป่าหมู (0.82)	หมูสะเด็ด (0.81)
ชาดำเย็น	ชาจีน (0.53)	ชามะนาว (0.41)	โกโก้เย็น (0.39)	โอวัลตินเย็น (0.34)	ไอศครีมชาไทย (0.19)
ปลาทูทอด	ทอดมันปลา (0.91)	ผัดไทยเกี๊ยวทอด (0.85)	ลาบทอด (0.84)	ปลาช่อนทอดส้มตำ (0.80)	น้ำพริกกะปิปลาทูทอด (0.80)
แกงจืดเต้าหู้สาหร่ายเจ	แกงจืดเต้าหู้วุ้นเส้น สาหร่ายเจ (0.95)	เต้าหู้ผัดกะเพราเจ (0.88)	เต้าหู้ทอดเจ (0.74)	ต้มยำเห็ดเจ (0.74)	เต้าหู้ผัดถั่วงอกเจ (0.74)
ต้มโคล้งปลาดุกฟู	ยำปลาดุกฟู (0.52)	ปลาดุกฟูขี้เมากะเพรากรอบ (0.26)	ปลาช่อนแป๊ะซะ (0.10)	พล่าปลาช่อน (0.09)	แกงส้มเนื้อปลากะพง ไข่ชะอม (0.09)
ก๋วยเตี๋ยวราดหน้าเจ	กต.ผัดไทยเจ (0.92)	กต.ต้มยำเจ (0.91)	กต.หลอดเจ (0.88)	ส้มตำเจ (0.70)	ต้มยำเจ (0.68)
ขนมจีบปลากราย	แกงป่าปลากราย (0.97)	แกงเขียวหวานลูกชิ้นปลากราย (0.85)	ปลาเปรี้ยวหวาน (0.78)	โรตีแกงเขียวหวานลูกชิ้นปลากราย (0.78)	ข้าวผัดเขียวหวานปลากราย (0.76)
มะพร้าวอ่อนหวานเย็น	สาคูแคนตาลูป (0.32)	มะยงชิดลอยแก้ว (0.31)	ไอศครีมวานิลา (0.30)	เฉาก๊วย ลูกชิด ขนุน (0.30)	มะม่วงมะพร้าวปั่น (0.26)
แปะก๋วยกระปุก	แปะก๋วยซอง (0.90)	แปะก๋วย 3 ซอง (0.90)	แปะก๋วย 3 กระปุก (0.90)	สลัดแฮม (0.00)	คะน้าปลาเค็ม (0.00)
น้ำมะนาว	น้ำมะนาวโซดา (0.95)	น้ำเขียวมะนาวโซดา (0.94)	น้ำอัญชัญมะนาว (0.90)	น้ำแดงมะนาวโซดา (0.90)	น้ำอัญชัญมะนาวโซดา (0.87)
พล่าปลาช่อน	ปลาช่อนแป๊ะซะ (0.83)	ปลาช่อนแดดเดียว (0.77)	โรตีแกงเขียวหวานลูกชิ้นปลากราย (0.48)	พล่ากุ้ง (0.46)	แกงส้มปลากะพง ตัว (0.46)
หอยแมลงภู่นิวซีแลนด์อบเนยกระเทียม	หอยแมลงภู่นิวซีแลนด์อบหม้อดิน (0.77)	ปลาหมึกทอดกระเทียมพริกไทย (0.60)	กุ้งทอดกระเทียมพริกไทย (0.59)	ซี่โครงหมูทอดกระเทียมพริกไทย (0.57)	หอยแมลงภู่นิวซีแลนด์ผัดผงกะหรี่ (0.56)
แกงเขียวหวานหมู	กต.ผัดแกงเขียวหวานหมู (0.98)	โรตีแกงเขียวหวานหมู (0.96)	แกงเขียวหวานหมูพริกขี้หนู (0.95)	แกงป่าหมู (0.93)	ผัดไทยหมู (0.91)
ก๋วยเตี๋ยวหลอดทรงเครื่อง	กต.ทรงเครื่อง (0.87)	กต.หลอดลุยสวน (0.86)	กต.หมูสับ (0.78)	กต.ราดหน้าปลาหมึก (0.69)	กต.ผัดขี้เมาหมู (0.63)
ปลาหมึกทอดกระเทียมพริกไทย	กุ้งทอดกระเทียมพริกไทย (0.88)	หมูทอดกระเทียมพริกไทย (0.84)	ข้าวหน้าปลาหมึกทอดกระเทียม (0.81)	ปลาหมึกผัดกระเทียม (0.80)	ปลากะพงทอดกระเทียม (0.80)
พล่ากุ้ง	พล่ากุ้งใหญ่ (0.97)	แกงป่ากุ้ง (0.95)	ต้มข่ากุ้ง (0.95)	ทอดมันกุ้ง (0.94)	กุ้งแกะ 5 ตัว (0.93)
ต้มยำเนื้อปลากะพง	ต้มข่าเนื้อปลากะพง (0.97)	เนื้อปลากะพงสามรส (0.96)	กะเพราเนื้อปลากะพง (0.93)	เนื้อปลากะพงมะนาว (0.90)	แกงส้มเนื้อปลากะพง ทอด (0.88)
หมูกรอบผัดพริกเกลือ	เต้าหู้ผัดพริกกระเทียม (0.87)	ถั่วฝักยาวผัดพริกขิงหมูกรอบ (0.87)	กะหล่ำปลีผัดน้ำปลา (0.87)	ผัดผักรวมมิตรหมูกรอบ (0.82)	ปลาหมึกผัดไข่เค็ม (0.80)
ก๋วยเตี๋ยวต้มยำกุ้งน้ำข้น	เต้าหู้น้ำแดง (0.61)	น้ำเก็กฮวยรสน้ำผึ้ง (0.59)	น้ำมะตูม (0.58)	น้ำขิง (0.58)	น้ำกระเจี๊ยบ (0.57)
ข้าวผัดกระเทียม	ปลาหมึกผัดกระเทียม (0.74)	เต้าหู้ผัดพริกกระเทียม (0.74)	ไก่ทอดกระเทียมพริกไทย (0.72)	ข้าวผัดน้ำพริกเผาเนิ้อ (0.67)	ซี่โครงหมูทอดกระเทียมพริกไทย (0.65)
แปะก๋วยซอง	แปะก๋วย 3 ซอง (0.91)	แปะก๋วย 3 กระปุก (0.91)	แปะก๋วยกระปุก (0.90)	สลัดแฮม (0.00)	คะน้าปลาเค็ม (0.00)
แกงส้มปลากะพงตัว	ปลากะพงผัดฉ่า (0.90)	ปลากะพงสามรส (0.89)	ปลากะพงแป๊ะซะ (0.89)	แกงส้มปลาทูน่า (0.87)	ปลากะพงนึ่งบ๊วย (0.80)
แกงส้มผักรวม	ผัดผักรวมมิตร (0.42)	ผัดผักรวมมิตรหมูกรอบ (0.38)	ผัดเห็ดรวม (0.37)	ผัดผักรวมมิตรกุ้ง (0.36)	แกงส้มชะอมไข่ (0.35)
ต้มข่าเนื้อปลากะพง	เนื้อปลากะพงสามรส (0.99)	ต้มยำเนื้อปลากะพง (0.97)	กะเพราเนื้อปลากะพง (0.95)	เนื้อปลากะพงมะนาว (0.92)	แกงส้มเนื้อปลากะพง ไข่ชะอม (0.89)
คะน้าปลาเค็ม	คะน้าหมูกรอบ (0.74)	ผัดผักรวมมิตรหมูกรอบ (0.38)	แกงจืดผักกาดขาวหมูสับ (0.34)	ผัดผักรวมมิตร (0.33)	ผัดผักรวมมิตรกุ้ง (0.30)
กะเพราปลาหมึก	กะเพราหมูกรอบ (0.67)	ปลาหมึกแดดเดียว (0.67)	กะเพรากุ้ง (0.66)	ข้าวราดกะเพราปลาหมึก (0.66)	ข้าวผัดน้ำพริกเผาปลาหมึก (0.64)
นมชมพู	เฉาก๊วย นมชมพู (0.82)	สลัดแฮม (0.00)	คะน้าปลาเค็ม (0.00)	กต.หลอดทรงเครื่อง (0.00)	ปลาหมึกทอดกระเทียมพริกไทย (0.00)
ปลากะพงนึ่งซีอิ๊ว	ปลากะพงนึ่งบ๊วย (0.91)	ปลากะพงนึ่งมะนาว (0.87)	ปลากะพงสามรส (0.80)	ปลากะพงผัดฉ่า (0.80)	ปลากะพงแป๊ะซะ (0.80)
ข้าวหน้าคอหมูย่างไข่ดองซีอิ๊ว	ข้าวหน้าหมูทอดกระเทียม (0.78)	ข้าวราดกะเพราหมูชาบู (0.76)	ข้าวราดกะเพราหมู (0.76)	ข้าวราดหน้าหมูน้ำมันหอย (0.74)	กต.ผัดซีอิ๊วหมู (0.71)
ก๋วยเตี๋ยวผัดไทยเจ	กต.ต้มยำเจ (0.95)	กต.ราดหน้าเจ (0.92)	กต.หลอดเจ (0.89)	ส้มตำเจ (0.74)	ต้มยำเจ (0.70)
แกงเขียวหวานเจ	ผัดกะเพราเจ (0.92)	ต้มยำเจ (0.91)	ห่อหมกเจ (0.91)	ทอดมันข้าวโพดเจ (0.89)	ส้มตำเจ (0.88)
ปลากะพงมหัสจรรย์	ปลากะพงแป๊ะซะ (0.89)	ปลากะพงสามรส (0.89)	ปลากะพงผัดฉ่า (0.89)	แกงส้มปลากะพง ตัว (0.77)	ปลากะพงนึ่งบ๊วย (0.75)
ก๋วยเตี๋ยวทรงเครื่อง	กต.หลอดทรงเครื่อง (0.87)	กต.หมูสับ (0.85)	กต.หลอดลุยสวน (0.74)	กต.ราดหน้าปลาหมึก (0.72)	กต.ผัดขี้เมาหมู (0.71)
ผัดเห็ดรวม	ผัดผักรวมมิตร (0.68)	กะหล่ำปลีผัดน้ำปลา (0.68)	ผัดผักรวมมิตรหมูกรอบ (0.65)	ผัดเห็ดรวมเจ (0.64)	ถั่วฝักยาวผัดพริกขิงหมูกรอบ (0.63)
กุ้งส่วน	กุ้งแกะ 5 ตัว (0.87)	กุ้งกระเบื้อง (0.87)	ต้มข่ากุ้ง (0.87)	แกงป่ากุ้ง (0.87)	ทอดมันกุ้ง (0.86)
น้ำส้มคั้น	น้ำตะไคร้ (0.14)	กาแฟเย็น (0.12)	กาแฟร้อน (0.10)	มะพร้าวอ่อนหวานเย็น (0.04)	น้ำผึ้งมะนาว (0.01)
ก๋วยเตี๋ยวราดหน้าปลากะพง	กต.ราดหน้ากุ้ง (0.80)	กต.ราดหน้าปลาหมึก (0.76)	ปลากะพงผัดฉ่า (0.75)	ปลากะพงสามรส (0.75)	กต.ผัดขี้เมากุ้ง (0.74)
ข้าวราดกะเพราหมูชาบู	ข้าวราดกะเพราหมู (1.00)	ข้าวราดกะเพราหมูกรอบ (0.86)	ข้าวราดกะเพราไก่ (0.86)	ข้าวราดกะเพราปลาหมึก (0.83)	ข้าวราดกะเพรากุ้ง (0.81)
กุ้งทอดกระเทียมพริกไทย	ปลาหมึกทอดกระเทียมพริกไทย (0.88)	ข้าวหน้ากุ้งทอดกระเทียม (0.86)	ปลากะพงทอดกระเทียม (0.84)	กุ้งนึ่งกระเทียม (0.82)	หมูทอดกระเทียมพริกไทย (0.82)
ข้าวผัดปู	ข้าวผัดหนำเลี้ยบ (0.67)	ข้าวผัดหมูยอ (0.67)	ข้าวผัดกุนเชียง (0.66)	ข้าวผัดน้ำพริกเผาเนิ้อ (0.62)	สลัดปู (0.60)
ทอดมันปลา	ปลาทูทอด (0.91)	ลาบทอด (0.82)	ผัดไทยเกี๊ยวทอด (0.80)	ไข่ชะอมทอด 7 ชิ้น (0.73)	แกงส้มปลาช่อน ทอด (0.70)
น้ำสับปะรดปั่น	น้ำแคนตาลูปปั่น (0.98)	น้ำแตงโมปั่น (0.98)	น้ำลิ้นจี่ปั่น (0.97)	น้ำแก้วมังกรปั่น (0.95)	น้ำมะพร้าวปั่น (0.90)
แพนงกุ้ง	พล่ากุ้ง (0.72)	กุ้งแกะ 5 ตัว (0.72)	ต้มข่ากุ้ง (0.72)	แกงป่ากุ้ง (0.72)	ทอดมันกุ้ง (0.71)
แกงส้มเนื้อปลากะพงทอด	แกงส้มเนื้อปลากะพง ไม่ทอด (0.99)	เนื้อปลากะพงทอดพริกไทยดำ (0.94)	แกงส้มเนื้อปลากะพง ไข่ชะอม (0.89)	ต้มยำเนื้อปลากะพง (0.88)	ต้มข่าเนื้อปลากะพง (0.87)
เอ็นหมูน้ำแดง	เต้าหู้น้ำแดงเจ (0.00)	สลัดแฮม (0.00)	นมชมพู (0.00)	ปลาหมึกทอดกระเทียมพริกไทย (0.00)	พล่ากุ้ง (0.00)
ข้าวหน้าไก่ทอดกระเทียม	ข้าวหน้าปลาหมึกทอดกระเทียม (0.79)	ข้าวหน้าหมูทอดกระเทียม (0.79)	ข้าวหน้ากุ้งทอดกระเทียม (0.75)	ข้าวราดกะเพราปลาหมึก (0.63)	ข้าวหน้าไก่ (0.63)
กะเพราไก่	แกงป่าไก่ (0.81)	ต้มข่าไก่ (0.80)	แกงเขียวหวานไก่ (0.79)	มัสมั่นไก่ (0.76)	ผัดไทยไก่ (0.76)
เมี่ยงเห็ด	ข้าวอบเห็ดหอม (0.88)	ต้มโคล้งเห็ดฟาง (0.85)	ยำเห็ดฟาง (0.64)	ยำเห็ดเข็มทอง (0.55)	ผัดเห็ดเข็มทองน้ำมันหอย (0.39)
โรตีแกงเขียวหวานไก่	กต.ผัดแกงเขียวหวานไก่ (0.95)	แกงเขียวหวานไก่ (0.95)	ผัดไทยไก่ (0.86)	ต้มยำไก่ (0.84)	แกงป่าไก่ (0.83)
ข้าวราดกะเพราไก่	ข้าวราดกะเพราหมู (0.87)	ข้าวราดกะเพราหมูชาบู (0.86)	ข้าวราดกะเพราปลาหมึก (0.86)	ข้าวราดกะเพราหมูกรอบ (0.85)	ข้าวราดกะเพรากุ้ง (0.82)
ต้มยำรวมมิตร	ต้มยำโป๊ะแตก (0.83)	แกงจืดรวมมิตร (0.68)	ผัดผักรวมมิตรหมูกรอบ (0.44)	ยำวุ้นเส้นพม่า (0.41)	ยำวุ้นเส้น (0.40)
ส้มตำเจ	ห่อหมกเจ (0.89)	แกงเขียวหวานเจ (0.88)	ผัดกะเพราเจ (0.88)	หมี่ซั่วเจ (0.87)	ต้มยำเจ (0.86)
ก๋วยเตี๋ยวราดหน้าทะเล	กต.ทะเลน้ำพริกเผา (0.90)	กต.ราดหน้าปลาหมึก (0.72)	ผัดไทยทะเล (0.66)	ไข่ตุ๋นต้มยำทะเลหม้อไฟ (0.65)	กต.ทรงเครื่อง (0.62)
แพนงเนื้อ	แกงป่าเนื้อ (0.72)	เนื้อแดดเดียว (0.71)	เนื้อน้ำตก (0.70)	ลาบเนื้อ (0.68)	แกงเขียวหวานเนื้อ (0.64)
ผัดผักบุ้งไฟแดง	กะหล่ำปลีผัดน้ำปลา (0.89)	ถั่วฝักยาวผัดพริกขิงหมูกรอบ (0.87)	ผัดผักรวมมิตร (0.79)	ปลาหมึกผัดไข่เค็ม (0.78)	ผัดผักรวมมิตรหมูกรอบ (0.78)
น้ำอัญชัญมะนาว	น้ำอัญชัญมะนาวโซดา (0.96)	น้ำมะนาว (0.90)	น้ำเขียวมะนาวโซดา (0.86)	น้ำมะนาวโซดา (0.85)	น้ำอัญชัญ (0.83)
ก๋วยเตี๋ยวราดหน้าไก่	กต.ผัดขี้เมาไก่ (0.95)	กต.ราดหน้าหมูนุ่ม (0.80)	กต.ราดหน้าปลาหมึก (0.79)	ผัดไทยไก่ (0.77)	กต.ผัดขี้เมาหมู (0.74)
ก๋วยเตี๋ยวทะเลน้ำพริกเผา	กต.ราดหน้าทะเล (0.90)	ผัดไทยทะเล (0.74)	ไข่ตุ๋นต้มยำทะเลหม้อไฟ (0.73)	ข้าวผัดทะเล (0.62)	กต.หมูสับ (0.60)
น้ำขิงร้อน	น้ำมะตูมร้อน (0.97)	น้ำขิง (0.85)	น้ำกระเจี๊ยบ (0.80)	น้ำมะตูม (0.80)	น้ำเก็กฮวยรสน้ำผึ้ง (0.78)
สลัดไข่	ไข่พะโล้ (0.66)	ผัดไทยห่อไข่ (0.59)	สลัดผักสด (0.59)	ข้าวผัดไข่ (0.57)	สลัดทูน่า (0.54)
สาคูแคนตาลูป	มะยงชิดลอยแก้ว (0.40)	ข้าวอบสับปะรด (0.39)	ข้าวอบสัปปะรด (0.38)	มะม่วงกวน (0.35)	ลิ้นจี่ลอยแก้ว (0.33)
ต้มข่าเห็ดเจ	ผัดกะเพราเห็ดเจ (0.99)	ต้มยำเห็ดเจ (0.92)	เห็ดสี่สหายเจ (0.90)	ยำเห็ดฟางเจ (0.83)	เต้าหู้ผัดกะเพราเจ (0.76)
น้ำปลาเห็ดฟาง	น้ำกระเจี๊ยบ (0.90)	น้ำมะตูม (0.89)	น้ำขิง (0.88)	น้ำใบเตย (0.85)	น้ำเก็กฮวยรสน้ำผึ้ง (0.83)
เส้นหมี่ผัดกะเฉดเจ	ผัดผักบุ้ง เจ (0.81)	เต้าหู้ผัดถั่วงอกเจ (0.81)	ผัดขนมผักกาดเจ (0.81)	ผัดวุ้นเส้นดอกไม้จีนเจ (0.80)	ผัดคะน้าเจ (0.80)
ลาบหมู	ลาบวุ้นเส้นหมู (0.91)	แกงป่าหมู (0.91)	หมูสะเต๊ะ (0.88)	หมูแดดเดียว (0.88)	แกงเขียวหวานหมู (0.87)
ชาไทย	เฉาก๊วย ชาไทย (0.91)	ไอศครีมชาไทย (0.79)	ชาจีน (0.64)	ชาดำเย็น (0.11)	ส้มตำไทย (0.08)
แกงจืดเต้าหู้วุ้นเส้นหมูสับ	แกงจืดเต้าหู้ หมูสับ สาหร่าย (0.87)	แกงจืดหมูสับสาหร่าย (0.79)	แกงจืดผักกาดขาวหมูสับ (0.75)	ข้าวต้มหมูสับ (0.66)	แกงจืดไข่น้ำ (0.66)
ข้าวราดกะเพราเนื้อชัคโรล	ข้าวราดไข่เจียวเนื้อปู (0.86)	ข้าวราดกะเพราเนื้อปลากะพง (0.83)	ข้าวราดกะเพราปลาหมึก (0.76)	ข้าวราดกะเพราหมูกรอบ (0.76)	กะเพราเนื้อ (0.74)
แกงเขียวหวานเนื้อ	แกงเขียวหวานเนื้อพริกขี้หนู (0.95)	โรตีแกงเขียวหวานเนื้อ (0.95)	แกงป่าเนื้อ (0.93)	เนื้อแดดเดียว (0.90)	ลาบเนื้อ (0.87)
แพนงไก่	มัสมั่นไก่ (0.62)	ต้มข่าไก่ (0.62)	แกงป่าไก่ (0.62)	แพนงหมู (0.59)	ลาบไก่ (0.59)
สลัดปู	ข้าวผัดปู (0.60)	คาปูชิโน่ (0.55)	สลัดแฮม (0.48)	สลัดผักสด (0.46)	สลัดทูน่า (0.43)
ส้มตำคอหมูย่าง	คอหมูย่าง (0.92)	ยำคอหมูย่าง (0.88)	ลาบหมู (0.80)	แกงป่าหมู (0.78)	หมูสะเต๊ะ (0.77)
เนื้อปูผัดพริกไทยดำ	เนื้อปูผัดผงกะหรี่ (0.90)	ปูนิ่มผัดพริกไทยดำ (0.87)	ข้าวผัดพริกสดเนื้อ (0.77)	เนื้อออสเตรเลียผัดน้ำมันหอย (0.76)	หมูกรอบผัดพริกเกลือ (0.72)
ข้าวราดกะเพราเนื้อปลากะพง	กะเพราเนื้อปลากะพง (0.89)	เนื้อปลากะพงทอดพริกไทยดำ (0.84)	เนื้อปลากะพงมะนาว (0.84)	ข้าวราดกะเพราเนื้อชัคโรล (0.83)	เนื้อปลากะพงนึ่งมะนาว (0.83)
น้ำเก็กฮวยรสน้ำผึ้ง	น้ำขิง (0.92)	น้ำกระเจี๊ยบ (0.91)	น้ำมะตูม (0.91)	น้ำใบเตย (0.85)	น้ำมะนาว (0.84)
พล่ากุ้งใหญ่	พล่ากุ้ง (0.97)	ต้มข่ากุ้ง (0.93)	แกงป่ากุ้ง (0.93)	ทอดมันกุ้ง (0.91)	กุ้งแกะ 5 ตัว (0.90)
หมูทอดกระเทียมพริกไทย	ข้าวหน้าหมูทอดกระเทียม (0.85)	ปลาหมึกทอดกระเทียมพริกไทย (0.84)	กุ้งทอดกระเทียมพริกไทย (0.82)	ขาหมูทอดส้มตำ (0.79)	น้ำพริกหนุ่มหมูทอด (0.75)
น้ำมะนาวโซดา	น้ำเขียวมะนาวโซดา (0.99)	น้ำมะนาว (0.95)	น้ำแดงมะนาวโซดา (0.94)	น้ำอัญชัญมะนาวโซดา (0.92)	น้ำอัญชัญมะนาว (0.85)
ข้าวราดกะเพราปลาหมึก	ข้าวราดกะเพราหมูกรอบ (0.91)	ข้าวราดกะเพรากุ้ง (0.89)	ข้าวราดกะเพราไก่ (0.86)	ข้าวราดกะเพราหมู (0.84)	ข้าวราดกะเพราหมูชาบู (0.83)
กุ้งส่วนกะทะร้อน	กุ้งส่วน (0.77)	ต้มข่ากุ้ง (0.72)	แกงป่ากุ้ง (0.71)	ข้าวต้มกุ้ง (0.71)	พล่ากุ้งใหญ่ (0.70)
ผัดไทยเกี๊ยวทอด	ปลาทูทอด (0.85)	ปลาช่อนทอดส้มตำ (0.83)	ลาบทอด (0.82)	ทอดมันปลา (0.80)	ข้าวผัดน้ำพริกกะปิปลาทูทอด (0.76)
ยำผักบุ้งกรอบเจ	ยำวุ้นเส้นเจ (0.82)	ยำเห็ดฟางเจ (0.70)	ผัดผักบุ้ง เจ (0.68)	ต้มยำเจ (0.66)	ผัดขนมผักกาดเจ (0.66)
กาแฟร้อน	กาแฟเย็น (0.58)	ลาเต้ (0.13)	น้ำส้มคั้น (0.10)	โอวัลตินเย็น (0.05)	ไอศครีมช็อกโกแลต (0.04)
เฉาก๊วยชาไทย	ชาไทย (0.91)	ไอศครีมชาไทย (0.86)	ชาจีน (0.63)	ชามะนาว (0.19)	ชาดำเย็น (0.18)
ลาบวุ้นเส้นหมู	ลาบหมู (0.91)	แกงเขียวหวานหมู (0.84)	แกงป่าหมู (0.84)	ผัดไทยหมู (0.83)	กต.ผัดแกงเขียวหวานหมู (0.82)
ก๋วยเตี๋ยวราดหน้ากุ้ง	กต.ผัดขี้เมากุ้ง (0.95)	กต.ราดหน้าปลาหมึก (0.83)	กต.ราดหน้าปลากะพง (0.80)	ข้าวต้มกุ้ง (0.78)	ผัดไทยกุ้งแม่น้ำ (0.77)
น้ำทะเล	ห่อหมกทะเล (0.20)	น้ำกระเจี๊ยบ (0.10)	น้ำมะตูม (0.09)	น้ำขิง (0.08)	น้ำเก็กฮวยรสน้ำผึ้ง (0.08)
ข้าวผัดไข่	ข้าวผัดหมูยอ (0.75)	ข้าวผัดกุนเชียง (0.74)	ข้าวผัดหนำเลี้ยบ (0.73)	ข้าวผัดน้ำพริกเผาเนิ้อ (0.72)	ข้าวผัดน้ำพริกเผาปลาหมึก (0.71)
หอยแมลงภู่นิวซีแลนด์ผัดผงกะหรี่	กุ้งผัดผงกะหรี่ (0.82)	เนื้อออสเตรเลียผัดน้ำมันหอย (0.75)	ปลาหมึกผัดไข่เค็ม (0.73)	ปลาหมึกผัดผงกระหรี่ (0.73)	เนื้อปูผัดผงกะหรี่ (0.72)
กุ้งผัดเม็ดมะม่วงหิมพานต์	กุ้งผัดหน่อไม้ฝรั่ง (0.96)	กุ้งผัดหนำเลี๊ยบ (0.95)	กุ้งผัดพริกขี้หนูสวน (0.93)	กุ้งผัดผงกะหรี่ (0.92)	ผัดมะกะโรนีกุ้ง (0.90)
ก๋วยเตี๋ยวผัดซีอิ๊วเจ	เต้าหู้ผัดกะเพราเจ (0.81)	ข้าวผัดซีอิ้วเจ (0.81)	แกงเขียวหวานเจ (0.78)	ต้มยำเจ (0.78)	ข้าวผัดเจ (0.77)
กุ้งนึ่งกระเทียม	กุ้งทอดกระเทียมพริกไทย (0.82)	ข้าวหน้ากุ้งทอดกระเทียม (0.71)	ทอดมันข้าวโพดกุ้งสับ (0.70)	ปลาหมึกนึ่งมะนาว (0.69)	กะเพรากุ้ง (0.69)
ข้าวผัดไก่	ข้าวผัดเขียวหวานไก่ (0.99)	ข้าวผัดน้ำพริกเผาไก่ (0.97)	ข้าวผัดซีอิ๊วไก่ (0.89)	กต.ผัดแกงเขียวหวานไก่ (0.84)	แกงเขียวหวานไก่ (0.82)
ต้มข่ากุ้ง	แกงป่ากุ้ง (0.98)	ทอดมันกุ้ง (0.97)	กุ้งแกะ 5 ตัว (0.95)	พล่ากุ้ง (0.95)	กุ้งกระเบื้อง (0.94)
ผัดผักรวมมิตรกุ้ง	กุ้งผัดหน่อไม้ฝรั่ง (0.92)	กุ้งผัดหนำเลี๊ยบ (0.91)	กุ้งผัดพริกขี้หนูสวน (0.90)	กุ้งผัดเม็ดมะม่วงหิมพานต์ (0.90)	ผัดมะกะโรนีกุ้ง (0.86)
ผักกาดขาวน้ำมันหอย	คะน้าฮ่องกงน้ำมันหอย (0.85)	ผัดเห็ดเข็มทองน้ำมันหอย (0.63)	หมูน้ำมันหอย (0.62)	ข้าวราดหน้าเนื้อน้ำมันหอย (0.60)	เนื้อออสเตรเลียผัดน้ำมันหอย (0.57)
กะเพราเนื้อ	แกงเขียวหวานเนื้อพริกขี้หนู (0.84)	แกงป่าเนื้อ (0.84)	แกงเขียวหวานเนื้อ (0.83)	เนื้อแดดเดียว (0.81)	โรตีแกงเขียวหวานเนื้อ (0.79)
น้ำพริกกะปิ	น้ำพริกลงเรือ (0.68)	น้ำพริกกะปิปลาทูทอด (0.63)	ข้าวผัดน้ำพริกกะปิปลาทูทอด (0.59)	ข้าวผัดน้ำพริกลงเรือ (0.58)	ข้าวผัดน้ำพริกหนุ่ม (0.53)
น้ำพริกลงเรือ	ข้าวผัดน้ำพริกลงเรือ (0.70)	น้ำพริกกะปิ (0.68)	น้ำพริกหนุ่ม (0.53)	ข้าวผัดน้ำพริกหนุ่ม (0.49)	น้ำพริกกะปิปลาทูทอด (0.45)
เนื้อปลากะพงนึ่งมะนาว	เนื้อปลากะพงมะนาว (0.94)	กะเพราเนื้อปลากะพง (0.88)	ต้มข่าเนื้อปลากะพง (0.88)	เนื้อปลากะพงสามรส (0.88)	ต้มยำเนื้อปลากะพง (0.87)
โรตีแกงเขียวหวานเนื้อ	แกงเขียวหวานเนื้อ (0.95)	แกงเขียวหวานเนื้อพริกขี้หนู (0.91)	ข้าวผัดเขียวหวานเนื้อ (0.85)	แกงป่าเนื้อ (0.85)	ลาบเนื้อ (0.82)
หมูแดดเดียว	หมูสะเต๊ะ (0.96)	แกงป่าหมู (0.96)	หมูสะเด็ด (0.93)	แกงเขียวหวานหมู (0.90)	ผัดไทยหมู (0.89)
กุ้งอบเกลือ	กุ้งอบวุ้นเส้น (0.84)	ต้มข่ากุ้ง (0.79)	แกงป่ากุ้ง (0.78)	ทอดมันกุ้ง (0.78)	กุ้งแกะ 5 ตัว (0.78)
ผัดไทยทะเล	ห่อหมกทะเล (0.84)	ไข่ตุ๋นต้มยำทะเลหม้อไฟ (0.80)	กต.ทะเลน้ำพริกเผา (0.74)	แกงส้มทะเล (0.74)	ข้าวผัดทะเล (0.73)
ผัดกะเพราเจ	ขนมผักกาดเจ (0.98)	ห่อหมกเจ (0.98)	หมี่ซั่วเจ (0.96)	ทอดมันข้าวโพดเจ (0.93)	แกงเขียวหวานเจ (0.92)
ผัดมะกะโรนีกุ้ง	กุ้งผัดหน่อไม้ฝรั่ง (0.94)	กุ้งผัดหนำเลี๊ยบ (0.93)	กุ้งผัดเม็ดมะม่วงหิมพานต์ (0.90)	กุ้งผัดพริกขี้หนูสวน (0.89)	ผัดมะกะโรนีขี้เมากะเพรากรอบกุ้ง (0.87)
กุ้งอบวุ้นเส้น	ลาบวุ้นเส้นกุ้ง (0.87)	กุ้งอบเกลือ (0.84)	ทอดมันกุ้ง (0.82)	ต้มข่ากุ้ง (0.81)	แกงป่ากุ้ง (0.80)
ยำเนื้อออสเตรเลียย่าง	แกงเขียวหวานเนื้อ (0.75)	ลาบเนื้อ (0.75)	โรตีแกงเขียวหวานเนื้อ (0.74)	ข้าวผัดเขียวหวานเนื้อ (0.74)	แกงเขียวหวานเนื้อพริกขี้หนู (0.73)
ข้าวหน้ากุ้งทอดกระเทียม	ข้าวหน้าปลาหมึกทอดกระเทียม (0.92)	ข้าวหน้าหมูทอดกระเทียม (0.86)	กุ้งทอดกระเทียมพริกไทย (0.86)	ข้าวราดกะเพรากุ้ง (0.79)	ข้าวหน้าไก่ทอดกระเทียม (0.75)
แกงเขียวหวานหมูพริกขี้หนู	แกงเขียวหวานหมู (0.95)	กต.ผัดแกงเขียวหวานหมู (0.94)	โรตีแกงเขียวหวานหมู (0.91)	แกงป่าหมู (0.89)	ผัดไทยหมู (0.87)
สุกี้ยากี้สูตรโบราณหมู	แกงป่าหมู (0.75)	หมูสะเต๊ะ (0.75)	ผัดไทยหมู (0.74)	แกงเขียวหวานหมู (0.74)	กต.ผัดแกงเขียวหวานหมู (0.73)
ทอดมันข้าวโพดเจ	ผัดกะเพราเจ (0.93)	ห่อหมกเจ (0.92)	ขนมผักกาดเจ (0.91)	หมี่ซั่วเจ (0.90)	แกงเขียวหวานเจ (0.89)
ข้าวผัดพริกสดกุ้ง	ข้าวผัดพริกสดปลาหมึก (0.88)	ข้าวผัดน้ำพริกเผากุ้ง (0.86)	ข้าวผัดเขียวหวานกุ้ง (0.86)	ข้าวผัดกุ้ง (0.85)	ผัดไทยกุ้งสด (0.84)
ข้าวผัดหนำเลี้ยบ	ข้าวผัดหมูยอ (0.99)	ข้าวผัดกุนเชียง (0.98)	ข้าวผัดน้ำพริกเผาเนิ้อ (0.93)	ข้าวผัดปลาหมึก (0.80)	ข้าวผัดน้ำพริกเผาปลาหมึก (0.80)
น้ำเขียวมะนาวโซดา	น้ำมะนาวโซดา (0.99)	น้ำมะนาว (0.94)	น้ำแดงมะนาวโซดา (0.94)	น้ำอัญชัญมะนาวโซดา (0.92)	น้ำอัญชัญมะนาว (0.86)
เบียร์สิงห์	เบียร์ไฮเนเก้น (0.71)	สลัดแฮม (0.00)	หอยแมลงภู่นิวซีแลนด์อบเนยกระเทียม (0.00)	กต.หลอดทรงเครื่อง (0.00)	ปลาหมึกทอดกระเทียมพริกไทย (0.00)
ผัดวุ้นเส้นดอกไม้จีนเจ	ผัดขนมผักกาดเจ (0.94)	ผัดผักบุ้ง เจ (0.94)	ผัดคะน้าเจ (0.93)	เต้าหู้ผัดถั่วงอกเจ (0.92)	ผัดผักรวมมิตรเจ (0.87)
หอยแมลงภู่นิวซีแลนด์อบหม้อดิน	หอยแมลงภู่นิวซีแลนด์อบเนยกระเทียม (0.77)	หอยแมลงภู่นิวซีแลนด์ส่วนกะทะร้อน (0.64)	หอยแมลงภู่นิวซีแลนด์ผัดผงกะหรี่ (0.55)	คะน้าฮ่องกงน้ำมันหอย (0.46)	เนื้อออสเตรเลียผัดน้ำมันหอย (0.42)
ข้าวผัดน้ำพริกหนุ่ม	ข้าวผัดน้ำพริกลงเรือ (0.86)	ข้าวผัดหมูยอ (0.76)	ข้าวผัดกุนเชียง (0.75)	ข้าวผัดน้ำพริกเผาเนิ้อ (0.74)	ข้าวผัดหนำเลี้ยบ (0.74)
สลัดผักสด	สลัดแฮม (0.87)	สลัดทูน่า (0.83)	สลัดโรล (0.79)	สลัดไข่ (0.59)	สลัดกุ้งวาซาบิ (0.49)
ก๋วยเตี๋ยวหลอดเจ	กต.ผัดไทยเจ (0.89)	กต.ราดหน้าเจ (0.88)	กต.ต้มยำเจ (0.87)	ส้มตำเจ (0.73)	ต้มยำเจ (0.70)
เต้าหู้ทอดเจ	เต้าหู้และเผือกทอดเจ (0.98)	ปอเปี๊ยะทอดเจ (0.93)	หมูกรอบทอดเจ (0.93)	เผือกทอดเจ (0.92)	ลาบทอดเจ (0.89)
ยำเห็ดเข็มทอง	ยำเห็ดฟาง (0.84)	ผัดเห็ดเข็มทองน้ำมันหอย (0.61)	ข้าวอบเห็ดหอม (0.60)	ยำถั่วพลู (0.56)	ยำมะม่วง (0.55)
แกงส้มเนื้อปลากะพงไข่ชะอม	แกงส้มเนื้อปลากะพง ทอด (0.89)	แกงส้มเนื้อปลากะพง ไม่ทอด (0.89)	กะเพราเนื้อปลากะพง (0.89)	ต้มข่าเนื้อปลากะพง (0.89)	เนื้อปลากะพงสามรส (0.88)
ไข่เจียวเนื้อปู	เนื้อปูไข่ข้น (0.87)	ข้าวราดไข่เจียวเนื้อปู (0.80)	เนื้อปูผัดผงกะหรี่ (0.76)	แกงป่าเนื้อ (0.73)	ข้าวผัดเขียวหวานเนื้อ (0.72)
ก๋วยเตี๋ยวผัดซีอิ๊วทะเล	ไข่ตุ๋นต้มยำทะเลหม้อไฟ (0.69)	ข้าวผัดทะเล (0.67)	ผัดไทยทะเล (0.65)	ห่อหมกทะเล (0.63)	กะเพราทะเล (0.59)
ข้าวหน้าปลาหมึกทอดกระเทียม	ข้าวหน้ากุ้งทอดกระเทียม (0.92)	ข้าวหน้าหมูทอดกระเทียม (0.88)	ปลาหมึกทอดกระเทียมพริกไทย (0.81)	ข้าวหน้าไก่ทอดกระเทียม (0.79)	กุ้งทอดกระเทียมพริกไทย (0.77)
แกงจืดเต้าหู้วุ้นเส้นสาหร่ายเจ	แกงจืดเต้าหู้สาหร่ายเจ (0.95)	เต้าหู้ผัดกะเพราเจ (0.81)	ยำวุ้นเส้นเจ (0.74)	เต้าหู้ผัดถั่วงอกเจ (0.73)	ผัดวุ้นเส้นดอกไม้จีนเจ (0.71)
แกงเขียวหวานเนื้อพริกขี้หนู	แกงเขียวหวานเนื้อ (0.95)	โรตีแกงเขียวหวานเนื้อ (0.91)	แกงป่าเนื้อ (0.88)	กะเพราเนื้อ (0.84)	เนื้อแดดเดียว (0.84)
ไก่ทอดกระเทียมพริกไทย	ซี่โครงหมูทอดกระเทียมพริกไทย (0.87)	ข้าวผัดกระเทียม (0.72)	ปลาหมึกทอดกระเทียมพริกไทย (0.69)	หมูทอดกระเทียมพริกไทย (0.68)	เต้าหู้ผัดพริกกระเทียม (0.67)
ผัดไทยกุ้งแม่น้ำ	แกงป่ากุ้ง (0.91)	ต้มข่ากุ้ง (0.90)	ทอดมันกุ้ง (0.90)	แกงเขียวหวานกุ้ง (0.89)	ข้าวต้มกุ้ง (0.88)
สลัดกุ้งวาซาบิ	ต้มข่ากุ้ง (0.85)	ทอดมันกุ้ง (0.84)	แกงป่ากุ้ง (0.83)	กุ้งแกะ 5 ตัว (0.83)	พล่ากุ้ง (0.82)
แกงเขียวหวานไก่	กต.ผัดแกงเขียวหวานไก่ (0.97)	โรตีแกงเขียวหวานไก่ (0.95)	แกงป่าไก่ (0.92)	ต้มข่าไก่ (0.90)	ต้มยำไก่ (0.89)
สุกี้ยากี้สูตรโบราณทะเล	ผัดไทยทะเล (0.60)	ห่อหมกทะเล (0.57)	ไข่ตุ๋นต้มยำทะเลหม้อไฟ (0.56)	กต.ทะเลน้ำพริกเผา (0.51)	กต.ผัดซีอิ๊วทะเล (0.50)
แกงป่าไก่	ต้มข่าไก่ (0.97)	มัสมั่นไก่ (0.96)	แกงเขียวหวานไก่ (0.92)	ผัดไทยไก่ (0.89)	ลาบไก่ (0.88)
กาแฟเย็น	กาแฟร้อน (0.58)	ลาเต้ (0.24)	น้ำส้มคั้น (0.12)	ไอศครีมช็อกโกแลต (0.10)	ไอศครีมวานิลา (0.07)
กุ้งแกะ	กุ้งกระเบื้อง (0.95)	ต้มข่ากุ้ง (0.95)	ทอดมันกุ้ง (0.95)	แกงป่ากุ้ง (0.94)	พล่ากุ้ง (0.93)
ผัดผักสี่สหายเจ	ผัดผักรวมมิตรเจ (0.93)	ผัดผักบุ้ง เจ (0.89)	ผัดคะน้าเจ (0.88)	เต้าหู้ผัดถั่วงอกเจ (0.88)	ผัดขนมผักกาดเจ (0.87)
ข้าวผัดทะเล	ไข่ตุ๋นต้มยำทะเลหม้อไฟ (0.76)	ผัดไทยทะเล (0.73)	กต.ผัดซีอิ๊วทะเล (0.67)	ห่อหมกทะเล (0.66)	แกงส้มทะเล (0.65)
ซี่โครงหมูทอดกระเทียมพริกไทย	ไก่ทอดกระเทียมพริกไทย (0.87)	ข้าวผัดกระเทียม (0.65)	ปลาหมึกทอดกระเทียมพริกไทย (0.62)	เต้าหู้ผัดพริกกระเทียม (0.62)	ปลาหมึกผัดกระเทียม (0.57)
แกงส้มปลาทูน่า	แกงส้มปลากะพง ตัว (0.87)	ปลาเปรี้ยวหวาน (0.81)	ปลากะพงผัดฉ่า (0.76)	ปลากะพงสามรส (0.75)	ปลากะพงแป๊ะซะ (0.75)
ปลาช่อนแป๊ะซะ	ปลาช่อนแดดเดียว (0.87)	พล่าปลาช่อน (0.83)	แกงส้มปลากะพง ตัว (0.52)	โรตีแกงเขียวหวานลูกชิ้นปลากราย (0.49)	แกงเขียวหวานลูกชิ้นปลากราย (0.48)
ปลาเปรี้ยวหวาน	แกงส้มปลาทูน่า (0.81)	แกงป่าปลากราย (0.80)	ปลากะพงแป๊ะซะ (0.79)	ปลากะพงผัดฉ่า (0.78)	ปลากะพงสามรส (0.78)
ผัดผักกะเฉด	ผัดผักกะเฉดไฟแดง (0.98)	เส้นหมี่ผัดกะเฉด (0.90)	เส้นหมี่ผัดกะเฉดไก่ (0.80)	เส้นหมี่ผัดกะเฉดกุ้ง (0.80)	เส้นหมี่ผัดกะเฉดหมู (0.79)
ยำเอ็นหมู	ต้มยำเอ็นหมู (0.87)	ยำคอหมูย่าง (0.85)	ลาบหมู (0.78)	แกงเขียวหวานหมู (0.78)	แกงป่าหมู (0.76)
ส้มตำเคลกรอบ	ส้มตำไข่เค็ม (0.62)	ส้มตำคอหมูย่าง (0.27)	ไก่ทอด/ส้มตำ/ข้าวเหนียว (0.26)	ปลาช่อนทอดส้มตำ (0.24)	ส้มตำไทย (0.24)
ข้าวต้มเนื้อปลากระพง	ข้าวผัดน้ำพริกเผาเนื้อปลากระพง (0.91)	ต้มข่าเนื้อปลากะพง (0.81)	เนื้อปลากะพงสามรส (0.80)	ต้มยำเนื้อปลากะพง (0.78)	เนื้อปลากะพงมะนาว (0.78)
สปาเก็ตตี้กุ้ง	ต้มข่ากุ้ง (0.80)	แกงป่ากุ้ง (0.78)	ทอดมันกุ้ง (0.78)	พล่ากุ้ง (0.78)	สลัดกุ้งวาซาบิ (0.78)
ข้าวผัดเขียวหวานปลากราย	แกงเขียวหวานลูกชิ้นปลากราย (0.87)	โรตีแกงเขียวหวานลูกชิ้นปลากราย (0.86)	แกงป่าปลากราย (0.79)	ขนมจีบปลากราย (0.76)	แกงส้มปลาทูน่า (0.71)
ปูนิ่มทอดกระเทียม	ปลาหมึกทอดกระเทียมพริกไทย (0.73)	ปูนิ่มทอดกรอบ (0.72)	กุ้งทอดกระเทียมพริกไทย (0.72)	หมูทอดกระเทียมพริกไทย (0.71)	ปูนิ่มผัดพริกไทยดำ (0.63)
สปาเก็ตตี้ขี้เมาหมู	สปาเก็ตตี้หมู (0.96)	แกงป่าหมู (0.74)	โรตีแกงเขียวหวานหมู (0.74)	ผัดไทยหมู (0.73)	หมูสะเต๊ะ (0.73)
ปลากะพงนึ่งบ๊วย	ปลากะพงนึ่งซีอิ๊ว (0.91)	ปลากะพงนึ่งมะนาว (0.90)	ปลากะพงแป๊ะซะ (0.85)	ปลากะพงผัดฉ่า (0.85)	ปลากะพงสามรส (0.85)
ลาบไก่	ลาบวุ้นเส้นไก่ (0.90)	แกงป่าไก่ (0.88)	ต้มข่าไก่ (0.85)	มัสมั่นไก่ (0.83)	แกงเขียวหวานไก่ (0.83)
ข้าวราดไข่เจียวเนื้อปู	ข้าวราดกะเพราเนื้อชัคโรล (0.86)	ไข่เจียวเนื้อปู (0.80)	ข้าวราดกะเพราเนื้อปลากะพง (0.76)	เนื้อปูไข่ข้น (0.73)	ข้าวราดไข่เจียว (0.72)
เต้าหู้ผัดถั่วงอกเจ	ผัดผักบุ้ง เจ (0.93)	ผัดคะน้าเจ (0.93)	ผัดขนมผักกาดเจ (0.93)	ผัดวุ้นเส้นดอกไม้จีนเจ (0.92)	ผัดผักรวมมิตรเจ (0.89)
ยำหอยนางรม	ยำไส้กรอก (0.94)	ยำกุนเชียง (0.94)	ยำตะไคร้ (0.93)	ยำทูน่า (0.90)	ยำมะม่วง (0.87)
แกงเขียวหวานยอดมะพร้าวเจ	แกงเผ็ดยอดมะพร้าวเจ (0.96)	ต้มยำเห็ดใส่ยอดมะพร้าวเจ (0.80)	แกงเขียวหวานเจ (0.66)	ทอดมันข้าวโพดเจ (0.61)	ต้มยำเจ (0.59)
ยำปลาหมึก	ยำหอยนางรม (0.83)	ยำไส้กรอก (0.80)	ยำกุนเชียง (0.79)	ยำทูน่า (0.78)	ยำตะไคร้ (0.76)
ก๋วยเตี๋ยวผัดซีอิ๊วกุ้ง	ข้าวผัดซีอิ๊วกุ้ง (0.92)	กต.ผัดแกงเขียวหวานกุ้ง (0.83)	ต้มข่ากุ้ง (0.83)	แกงเขียวหวานกุ้ง (0.82)	แกงป่ากุ้ง (0.82)
ก๋วยเตี๋ยวผัดซีอิ๊วเนื้อ	แกงเขียวหวานเนื้อพริกขี้หนู (0.80)	แกงเขียวหวานเนื้อ (0.80)	แกงป่าเนื้อ (0.77)	ข้าวผัดเขียวหวานเนื้อ (0.77)	โรตีแกงเขียวหวานเนื้อ (0.76)
ผัดมะกะโรนีไก่	ไก่ผัดเม็ดมะม่วงหิมพานต์ (0.87)	ผัดมะกะโรนีหมู (0.81)	ผัดมะกะโรนีขี้เมากะเพรากรอบหมู (0.73)	เส้นหมี่ผัดกะเฉดไก่ (0.72)	ผัดมะกะโรนีกุ้ง (0.72)
ลาบวุ้นเส้นกุ้ง	ลาบกุ้ง (0.92)	กุ้งอบวุ้นเส้น (0.87)	แกงเขียวหวานกุ้ง (0.84)	แกงป่ากุ้ง (0.83)	กต.ผัดแกงเขียวหวานกุ้ง (0.83)
ข้าวผัดน้ำพริกลงเรือ	ข้าวผัดน้ำพริกหนุ่ม (0.86)	ข้าวผัดหมูยอ (0.81)	ข้าวผัดกุนเชียง (0.80)	ข้าวผัดน้ำพริกเผาเนิ้อ (0.80)	ข้าวผัดน้ำพริกกะปิปลาทูทอด (0.79)
ผัดผักรวมมิตรหมู	ผัดผักรวมมิตรหมูกรอบ (0.88)	ผัดผักรวมมิตร (0.86)	ผัดมะกะโรนีหมู (0.85)	ผัดผักรวมมิตรกุ้ง (0.83)	ผัดมะกะโรนีขี้เมากะเพรากรอบหมู (0.80)
ก๋วยเตี๋ยวผัดขี้เมาหมู	กต.ราดหน้าหมูนุ่ม (0.92)	ผัดไทยหมู (0.87)	แกงป่าหมู (0.83)	หมูสะเต๊ะ (0.81)	แกงเขียวหวานหมู (0.81)
ปลาหมึกผัดไข่เค็ม	ปลาหมึกผัดกระเทียม (0.87)	กะหล่ำปลีผัดน้ำปลา (0.86)	ถั่วฝักยาวผัดพริกขิงหมูกรอบ (0.85)	กุ้งผัดหน่อไม้ฝรั่ง (0.82)	กุ้งผัดหนำเลี๊ยบ (0.82)
ข้าวต้มกุ้ง	แกงป่ากุ้ง (0.93)	ต้มข่ากุ้ง (0.93)	ทอดมันกุ้ง (0.92)	พล่ากุ้ง (0.90)	กุ้งแกะ 5 ตัว (0.89)
มะยงชิดลอยแก้ว	ลิ้นจี่ลอยแก้ว (0.70)	สาคูแคนตาลูป (0.40)	มะพร้าวอ่อนหวานเย็น (0.31)	เฉาก๊วย ลูกชิด ขนุน (0.25)	มะม่วงกวน (0.24)
สุกี้ยากี้สูตรโบราณไก่	แกงป่าไก่ (0.69)	ต้มข่าไก่ (0.68)	ผัดไทยไก่ (0.68)	สุกี้ยากี้สูตรโบราณหมู (0.68)	แกงเขียวหวานไก่ (0.67)
ยำกุนเชียง	ยำไส้กรอก (0.97)	ยำตะไคร้ (0.96)	ยำหอยนางรม (0.94)	ยำทูน่า (0.89)	ยำมะม่วง (0.88)
ข้าวผัดน้ำพริกเผากุ้ง	ข้าวผัดกุ้ง (0.98)	ข้าวผัดเขียวหวานกุ้ง (0.98)	ข้าวผัดมันกุ้ง (0.96)	ข้าวผัดซีอิ๊วกุ้ง (0.93)	กต.ผัดแกงเขียวหวานกุ้ง (0.89)
ไอศกรีมวานิลา	ไอศครีมช็อกโกแลต (0.96)	ไอศครีมกะทิสด (0.43)	ไอศครีมสตรอบอรี่ (0.34)	มะพร้าวอ่อนหวานเย็น (0.30)	ไอศครีมชาไทย (0.22)
ปลาหมึกผัดกระเทียม	เต้าหู้ผัดพริกกระเทียม (0.90)	ปลาหมึกผัดไข่เค็ม (0.87)	ปลาหมึกทอดกระเทียมพริกไทย (0.80)	กะหล่ำปลีผัดน้ำปลา (0.79)	หมูกรอบผัดพริกเกลือ (0.78)
แกงจืดผักกาดขาวหมูสับ	แกงจืดหมูสับสาหร่าย (0.78)	แกงจืดเต้าหู้ หมูสับ สาหร่าย (0.76)	แกงจืดเต้าหู้ วุ้นเส้น หมูสับ (0.75)	แกงจืดไข่น้ำ (0.67)	แกงจืดลูกรอก (0.64)
เห็ดสี่สหายเจ	ต้มข่าเห็ดเจ (0.90)	ผัดกะเพราเห็ดเจ (0.90)	ต้มยำเห็ดเจ (0.81)	ยำเห็ดฟางเจ (0.74)	ทอดมันข้าวโพดเจ (0.69)
ปลาช่อนทอดส้มตำ	แกงส้มปลาช่อน ทอด (0.87)	ผัดไทยเกี๊ยวทอด (0.83)	ลาบทอด (0.82)	ปลาทูทอด (0.80)	น้ำพริกกะปิปลาทูทอด (0.79)
ส้มตำกุ้งสด	ผัดไทยกุ้งสด (0.94)	แกงเลียงกุ้งสด (0.92)	ข้าวผัดพริกสดกุ้ง (0.83)	ยำคะน้ากุ้งสด (0.83)	แกงป่ากุ้ง (0.77)
ผัดมะกะโรนีหมู	ผัดมะกะโรนีขี้เมากะเพรากรอบหมู (0.88)	ผัดผักรวมมิตรหมู (0.85)	ผัดมะกะโรนีไก่ (0.81)	เส้นหมี่ผัดกะเฉดหมู (0.77)	ข้าวผัดน้ำพริกเผาหมู (0.73)
เห็ดรวมทอดเจ	ผัดเห็ดรวมเจ (0.78)	เต้าหู้ทอดเจ (0.75)	ยำเห็ดรวมเจ (0.74)	ปอเปี๊ยะทอดเจ (0.73)	เต้าหู้และเผือกทอดเจ (0.73)
หมูน้ำตก	หมูสะเต๊ะ (0.89)	แกงป่าหมู (0.89)	หมูสะเด็ด (0.87)	หมูแดดเดียว (0.86)	ผัดไทยหมู (0.82)
ต้มยำกุ้งยอดมะพร้าวอ่อน	แกงเผ็ดยอดมะพร้าวกุ้ง (0.35)	แกงเผ็ดยอดมะพร้าวหมู (0.31)	แกงเผ็ดยอดมะพร้าวไก่ (0.31)	แกงเขียวหวานยอดมะพร้าวเจ (0.10)	แกงเผ็ดยอดมะพร้าวเจ (0.05)
เฉาก๊วยนมชมพู	นมชมพู (0.82)	เฉาก๊วย ลูกชิด ขนุน (0.26)	ข้าวราดหน้าเนื้อน้ำมันหอย (0.12)	เนื้อปลากะพงมะนาว (0.06)	ข้าวผัดผงกระหรี่เนื้อ (0.05)
กุ้งผัดผงกะหรี่	กุ้งผัดเม็ดมะม่วงหิมพานต์ (0.92)	กุ้งผัดหน่อไม้ฝรั่ง (0.90)	กุ้งผัดหนำเลี๊ยบ (0.90)	กุ้งผัดพริกขี้หนูสวน (0.87)	ผัดผักรวมมิตรกุ้ง (0.84)
แปะก๋วย	แปะก๋วย 3 กระปุก (1.00)	แปะก๋วยซอง (0.91)	แปะก๋วยกระปุก (0.90)	สลัดแฮม (0.00)	คะน้าปลาเค็ม (0.00)
ข้าวต้มกระดูกหมู	ต้มแซบกระดูกหมูอ่อน (0.88)	หมูสะเต๊ะ (0.86)	แกงป่าหมู (0.86)	ต้มแซ่บกระดูกหมู (0.86)	หมูสะเด็ด (0.83)
ปลากะพงแป๊ะซะ	ปลากะพงสามรส (0.99)	ปลากะพงผัดฉ่า (0.99)	แกงส้มปลากะพง ตัว (0.89)	ปลากะพงมหัสจรรย์ (0.89)	ปลากะพงนึ่งบ๊วย (0.85)
ต้มยำเห็ดเจ	ต้มข่าเห็ดเจ (0.92)	ผัดกะเพราเห็ดเจ (0.92)	ยำเห็ดฟางเจ (0.88)	เห็ดสี่สหายเจ (0.81)	ยำเห็ดรวมเจ (0.78)
มะยงชิดปั่น	น้ำส้มปั่น (0.94)	มะม่วงปั่น (0.86)	มะม่วงมะพร้าวปั่น (0.52)	น้ำแคนตาลูปปั่น (0.35)	น้ำแตงโมปั่น (0.33)
ข้าวอบสัปปะรด	ข้าวอบสับปะรด (0.81)	ข้าวผัดน้ำพริกเผาปลาหมึก (0.44)	ข้าวผัดน้ำพริกเผาเนิ้อ (0.42)	ปอเปี๊ยะข้าวเหนียวไก่ทอด (0.40)	ข้าวผัดกุนเชียง (0.39)
ต้มแซ่บกระดูกหมู	ต้มแซบกระดูกหมูอ่อน (0.96)	ต้มแซ่บหมูเด้ง (0.92)	ต้มแซ่บหมูนุ่ม (0.90)	ข้าวต้มกระดูกหมู (0.86)	แกงป่าหมู (0.79)
ก๋วยเตี๋ยวต้มยำเจ	กต.ผัดไทยเจ (0.95)	กต.ราดหน้าเจ (0.91)	กต.หลอดเจ (0.87)	ต้มยำเจ (0.79)	ส้มตำเจ (0.70)
ปลาช่อนนึ่งมะนาว	ปลาหมึกนึ่งมะนาว (0.86)	ปลากะพงนึ่งมะนาว (0.77)	แกงส้มปลาช่อน นึ่ง (0.68)	กุ้งนึ่งกระเทียม (0.66)	เนื้อปลากะพงนึ่งมะนาว (0.64)
ปลากะพงทอดกรอบ	ปลากะพงทอดน้ำปลา (0.90)	ปลากะพงทอดกระเทียม (0.82)	แกงส้มเนื้อปลากะพง ทอด (0.77)	เนื้อปลากะพงทอดพริกไทยดำ (0.77)	แกงส้มเนื้อปลากะพง ไม่ทอด (0.76)
แกงเผ็ดยอดมะพร้าวหมู	แกงเผ็ดยอดมะพร้าวไก่ (0.74)	แกงเขียวหวานหมูพริกขี้หนู (0.66)	แกงป่าหมู (0.66)	แกงเขียวหวานหมู (0.65)	แกงเผ็ดยอดมะพร้าวกุ้ง (0.65)
ข้าวผัดผงกระหรี่หมู	ข้าวผัดผงกระหรี่ไก่ (0.88)	ข้าวผัดผงกระหรี่ปลาหมึก (0.85)	ข้าวผัดผงกระหรี่กุ้ง (0.82)	ข้าวผัดผงกระหรี่เนื้อ (0.75)	ปลาหมึกผัดผงกระหรี่ (0.75)
ข้าวผัดผงกระหรี่ไก่	ข้าวผัดผงกระหรี่หมู (0.88)	ข้าวผัดผงกระหรี่ปลาหมึก (0.86)	ข้าวผัดผงกระหรี่กุ้ง (0.82)	ปลาหมึกผัดผงกระหรี่ (0.75)	ข้าวผัดผงกระหรี่เนื้อ (0.75)
ยำผักกะเฉด	ผัดผักกะเฉด (0.79)	ผัดผักกะเฉดไฟแดง (0.76)	เส้นหมี่ผัดกะเฉด (0.62)	ยำถั่วพลู (0.58)	ยำมะม่วง (0.58)
โกโก้เย็น	โอวัลตินเย็น (0.88)	ชาดำเย็น (0.39)	โอวัลตินร้อน (0.22)	น้ำตะไคร้ร้อน (0.19)	น้ำขิงร้อน (0.15)
เนื้อน้ำตก	แกงป่าเนื้อ (0.90)	เนื้อแดดเดียว (0.88)	ลาบเนื้อ (0.81)	แกงเขียวหวานเนื้อ (0.80)	แกงเขียวหวานเนื้อพริกขี้หนู (0.73)
ยำทูน่า	ยำไส้กรอก (0.91)	ยำหอยนางรม (0.90)	ยำกุนเชียง (0.89)	ยำตะไคร้ (0.88)	ยำถั่วพลู (0.82)
ข้าวผัดน้ำพริกเผาหมู	ข้าวผัดเขียวหวานหมู (0.98)	ข้าวผัดหมู (0.97)	ข้าวผัดซีอิ๊วหมู (0.92)	กต.ผัดแกงเขียวหวานหมู (0.87)	แกงเขียวหวานหมู (0.85)
มะม่วงปั่น	มะยงชิดปั่น (0.86)	น้ำส้มปั่น (0.82)	มะม่วงมะพร้าวปั่น (0.79)	น้ำมะพร้าวปั่น (0.44)	น้ำมะนาวปั่น (0.43)
ปูนิ่มผัดผงกระหรี่	ปลาหมึกผัดผงกระหรี่ (0.86)	เนื้อปูผัดผงกะหรี่ (0.76)	ปูนิ่มผัดพริกไทยดำ (0.75)	ข้าวผัดผงกระหรี่ปลาหมึก (0.73)	ข้าวผัดผงกระหรี่หมู (0.71)
เนื้อออสเตรเลียผัดน้ำมันหอย	เนื้อปูผัดพริกไทยดำ (0.76)	หอยแมลงภู่นิวซีแลนด์ผัดผงกะหรี่ (0.75)	ผัดเห็ดเข็มทองน้ำมันหอย (0.75)	ข้าวราดหน้าเนื้อน้ำมันหอย (0.75)	เนื้อปูผัดผงกะหรี่ (0.75)
ข้าวต้มหมูสับ	แกงจืดเต้าหู้ วุ้นเส้น หมูสับ (0.66)	แกงจืดผักกาดขาวหมูสับ (0.63)	กต.หมูสับ (0.61)	แกงจืดหมูสับสาหร่าย (0.60)	แกงจืดเต้าหู้ หมูสับ สาหร่าย (0.60)
หมูน้ำมันหอย	ข้าวราดหน้าหมูน้ำมันหอย (0.84)	หมูสะเด็ด (0.62)	ผักกาดขาวน้ำมันหอย (0.62)	แกงป่าหมู (0.62)	คะน้าฮ่องกงน้ำมันหอย (0.62)
ผัดไทยห่อไข่	ไข่พะโล้ (0.73)	ข้าวผัดไข่ (0.70)	สลัดไข่ (0.59)	แกงส้มชะอมไข่ (0.59)	ไข่ชะอมทอด 7 ชิ้น (0.59)
ไข่เจียวกุ้งสับ	ทอดมันข้าวโพดกุ้งสับ (0.92)	ทอดมันกุ้ง (0.88)	ต้มข่ากุ้ง (0.87)	แกงป่ากุ้ง (0.87)	ข้าวต้มกุ้ง (0.86)
ผัดเห็ดรวมเจ	เต้าหู้ผัดถั่วงอกเจ (0.80)	ยำเห็ดรวมเจ (0.80)	ผัดผักรวมมิตรเจ (0.80)	ผัดผักบุ้ง เจ (0.80)	ผัดคะน้าเจ (0.79)
ข้าวผัดน้ำพริกเผาเนื้อปลากระพง	ข้าวต้มเนื้อปลากระพง (0.91)	ต้มยำเนื้อปลากะพง (0.81)	ต้มข่าเนื้อปลากะพง (0.79)	กะเพราเนื้อปลากะพง (0.79)	เนื้อปลากะพงสามรส (0.78)
ข้าวผัดซีอิ๊วไก่	ข้าวผัดน้ำพริกเผาไก่ (0.91)	กต.ผัดซีอิ๊วไก่ (0.89)	ข้าวผัดไก่ (0.89)	ข้าวผัดเขียวหวานไก่ (0.89)	ข้าวผัดซีอิ๊วหมู (0.83)
ก๋วยเตี๋ยวราดหน้าเนื้อ	กต.เนื้อสับ (0.91)	โรตีแกงเขียวหวานเนื้อ (0.72)	ข้าวผัดเขียวหวานเนื้อ (0.69)	กต.ราดหน้าหมูนุ่ม (0.67)	แกงเขียวหวานเนื้อ (0.67)
ยำคอหมูย่าง	ส้มตำคอหมูย่าง (0.88)	ยำเอ็นหมู (0.85)	คอหมูย่าง (0.85)	ลาบหมู (0.74)	แกงเขียวหวานหมู (0.73)
ก๋วยเตี๋ยวราดหน้าปลาหมึก	กต.ราดหน้ากุ้ง (0.83)	กต.ราดหน้าไก่ (0.79)	กต.หมูสับ (0.78)	กต.ราดหน้าหมูนุ่ม (0.78)	กต.ราดหน้าปลากะพง (0.76)
แกงส้มชะอมไข่	แกงส้มชะอมไข่กุ้ง (0.77)	ไข่พะโล้ (0.61)	ผัดไทยห่อไข่ (0.59)	ข้าวผัดไข่ (0.58)	แกงส้มเนื้อปลากะพง ไข่ชะอม (0.58)
กะเพรากุ้ง	แกงป่ากุ้ง (0.85)	ต้มข่ากุ้ง (0.84)	แกงเขียวหวานกุ้ง (0.84)	ทอดมันกุ้ง (0.83)	ข้าวต้มกุ้ง (0.82)
ห่อหมกเจ	ผัดกะเพราเจ (0.98)	ขนมผักกาดเจ (0.97)	หมี่ซั่วเจ (0.96)	ทอดมันข้าวโพดเจ (0.92)	แกงเขียวหวานเจ (0.91)
แกงเผ็ดยอดมะพร้าวเจ	แกงเขียวหวานยอดมะพร้าวเจ (0.96)	ต้มยำเห็ดใส่ยอดมะพร้าวเจ (0.77)	ทอดมันข้าวโพดเจ (0.63)	แกงเขียวหวานเจ (0.60)	ห่อหมกเจ (0.59)
ไข่เจียวหอยนางรม	ข้าวผัดน้ำพริกเผาปลาหมึก (0.55)	ข้าวผัดไข่ (0.54)	ข้าวผัดปลาหมึก (0.53)	ไข่เจียวกุ้งสับ (0.53)	ข้าวผัดกุนเชียง (0.51)
แกงเขียวหวานกุ้ง	กต.ผัดแกงเขียวหวานกุ้ง (0.98)	แกงป่ากุ้ง (0.94)	ต้มข่ากุ้ง (0.93)	ทอดมันกุ้ง (0.92)	ผัดไทยกุ้งแม่น้ำ (0.89)
แกงจืดหมูสับสาหร่าย	แกงจืดเต้าหู้ หมูสับ สาหร่าย (0.94)	แกงจืดเต้าหู้ วุ้นเส้น หมูสับ (0.79)	แกงจืดผักกาดขาวหมูสับ (0.78)	แกงจืดไข่น้ำ (0.69)	แกงจืดลูกรอก (0.64)
แปะก๋วย	แปะก๋วย 3 กระปุก (1.00)	แปะก๋วยซอง (0.91)	แปะก๋วยกระปุก (0.90)	สลัดแฮม (0.00)	คะน้าปลาเค็ม (0.00)
เนื้อแดดเดียว	แกงป่าเนื้อ (0.96)	แกงเขียวหวานเนื้อ (0.90)	เนื้อน้ำตก (0.88)	ลาบเนื้อ (0.88)	แกงเขียวหวานเนื้อพริกขี้หนู (0.84)
ข้าวราดไข่เจียวหมูสับ	ข้าวราดไข่เจียว (0.94)	ข้าวราดกะเพราหมูกรอบ (0.79)	ข้าวราดกะเพราปลาหมึก (0.76)	ข้าวราดกะเพราไก่ (0.75)	ข้าวราดกะเพรากุ้ง (0.74)
ข้าวผัดผงกระหรี่กุ้ง	ข้าวผัดผงกระหรี่ปลาหมึก (0.89)	ข้าวผัดผงกระหรี่หมู (0.82)	ข้าวผัดผงกระหรี่ไก่ (0.82)	กุ้งผัดผงกะหรี่ (0.78)	ปลาหมึกผัดผงกระหรี่ (0.77)
ส้มตำไข่เค็ม	ส้มตำเคลกรอบ (0.62)	ปลาช่อนทอดส้มตำ (0.52)	ไก่ทอด/ส้มตำ/ข้าวเหนียว (0.51)	ข้าวผัดน้ำพริกลงเรือ (0.47)	ส้มตำไทย (0.46)
ผัดมะกะโรนีขี้เมากะเพรากรอบหมู	ผัดมะกะโรนีหมู (0.88)	ผัดมะกะโรนีขี้เมากะเพรากรอบกุ้ง (0.86)	ผัดผักรวมมิตรหมู (0.80)	ผัดมะกะโรนีไก่ (0.73)	ถั่วฝักยาวผัดพริกขิงหมูกรอบ (0.71)
ข้าวผัดเขียวหวานกุ้ง	ข้าวผัดกุ้ง (0.99)	ข้าวผัดน้ำพริกเผากุ้ง (0.98)	ข้าวผัดมันกุ้ง (0.98)	ข้าวผัดซีอิ๊วกุ้ง (0.92)	กต.ผัดแกงเขียวหวานกุ้ง (0.89)
ข้าวผัดซีอิ๊วกุ้ง	ข้าวผัดน้ำพริกเผากุ้ง (0.93)	กต.ผัดซีอิ๊วกุ้ง (0.92)	ข้าวผัดกุ้ง (0.92)	ข้าวผัดเขียวหวานกุ้ง (0.92)	ข้าวผัดมันกุ้ง (0.91)
ก๋วยเตี๋ยวผัดซีอิ๊วไก่	ข้าวผัดซีอิ๊วไก่ (0.89)	กต.ผัดแกงเขียวหวานไก่ (0.78)	แกงเขียวหวานไก่ (0.76)	ต้มยำไก่ (0.75)	ต้มข่าไก่ (0.75)
ก๋วยเตี๋ยวผัดขี้เมาไก่	กต.ราดหน้าไก่ (0.95)	ผัดไทยไก่ (0.82)	ต้มยำไก่ (0.78)	กต.ผัดขี้เมาหมู (0.78)	โรตีแกงเขียวหวานไก่ (0.76)
อาหารกล่อง	พล่าปลาช่อน (0.00)	แกงเขียวหวานหมู (0.00)	กต.หลอดทรงเครื่อง (0.00)	ปลาหมึกทอดกระเทียมพริกไทย (0.00)	พล่ากุ้ง (0.00)
ต้มยำเจ	แกงเขียวหวานเจ (0.91)	ผัดกะเพราเจ (0.88)	ห่อหมกเจ (0.87)	ส้มตำเจ (0.86)	หมี่ซั่วเจ (0.86)
สลัดไก่	ต้มข่าไก่ (0.79)	มัสมั่นไก่ (0.78)	แกงป่าไก่ (0.77)	แกงเขียวหวานไก่ (0.74)	ผัดไทยไก่ (0.72)
ก๋วยเตี๋ยวผัดขี้เมากุ้ง	กต.ราดหน้ากุ้ง (0.95)	ข้าวต้มกุ้ง (0.83)	ผัดไทยกุ้งแม่น้ำ (0.83)	กต.ผัดแกงเขียวหวานกุ้ง (0.80)	แกงเขียวหวานกุ้ง (0.79)
ก๋วยเตี๋ยวผัดแกงเขียวหวานกุ้ง	แกงเขียวหวานกุ้ง (0.98)	แกงป่ากุ้ง (0.90)	ต้มข่ากุ้ง (0.89)	ข้าวผัดน้ำพริกเผากุ้ง (0.89)	ข้าวผัดเขียวหวานกุ้ง (0.89)
น้ำขิง	น้ำกระเจี๊ยบ (0.96)	น้ำมะตูม (0.96)	น้ำเก็กฮวยรสน้ำผึ้ง (0.92)	น้ำปลาเห็ดฟาง (0.88)	น้ำใบเตย (0.87)
ปลากะพงทอดกระเทียม	ปลากะพงทอดน้ำปลา (0.91)	กุ้งทอดกระเทียมพริกไทย (0.84)	ปลากะพงทอดกรอบ (0.82)	เนื้อปลากะพงทอดพริกไทยดำ (0.81)	ปลาหมึกทอดกระเทียมพริกไทย (0.80)
แกงป่ากุ้ง	ต้มข่ากุ้ง (0.98)	ทอดมันกุ้ง (0.97)	พล่ากุ้ง (0.95)	กุ้งแกะ 5 ตัว (0.94)	กุ้งกระเบื้อง (0.94)
ปลาหมึกแดดเดียว	ข้าวผัดปลาหมึก (0.71)	ข้าวผัดน้ำพริกเผาปลาหมึก (0.68)	กะเพราปลาหมึก (0.67)	ยำปลาหมึก (0.63)	กต.ผัดซีอิ๊วปลาหมึก (0.62)
กะเพราหมูกรอบ	กะเพราปลาหมึก (0.67)	คะน้าหมูกรอบ (0.65)	ข้าวราดกะเพราหมูกรอบ (0.63)	กะเพราหมู (0.60)	ผัดมะกะโรนีขี้เมากะเพรากรอบหมู (0.55)
ข้าวราดกะเพราทะเล	ข้าวราดกะเพราปลาหมึก (0.81)	ข้าวราดกะเพราหมูกรอบ (0.78)	ข้าวราดกะเพรากุ้ง (0.75)	ข้าวราดกะเพราไก่ (0.74)	ข้าวราดกะเพราหมู (0.72)
ข้าวราดไข่เจียว	ข้าวราดไข่เจียวหมูสับ (0.94)	ข้าวราดกะเพราหมูกรอบ (0.83)	ข้าวราดกะเพราปลาหมึก (0.80)	ข้าวราดกะเพรากุ้ง (0.77)	ข้าวราดกะเพราไก่ (0.77)
น้ำอัญชัญ	น้ำอัญชัญมะนาว (0.83)	น้ำกระเจี๊ยบ (0.83)	น้ำมะตูม (0.83)	น้ำขิง (0.83)	น้ำเก็กฮวยรสน้ำผึ้ง (0.81)
น้ำพริกหนุ่ม	ข้าวผัดน้ำพริกหนุ่ม (0.69)	น้ำพริกลงเรือ (0.53)	น้ำพริกกะปิ (0.51)	น้ำพริกหนุ่มหมูทอด (0.42)	ข้าวผัดน้ำพริกลงเรือ (0.39)
เส้นหมี่ผัดกะเฉดทะเล	เส้นหมี่ผัดกะเฉด (0.86)	ผัดผักกะเฉดไฟแดง (0.79)	ผัดผักกะเฉด (0.78)	เส้นหมี่ผัดกะเฉดกุ้ง (0.78)	เส้นหมี่ผัดกะเฉดไก่ (0.77)
ผัดผักรวมมิตรหมูกรอบ	ผัดผักรวมมิตร (0.97)	ถั่วฝักยาวผัดพริกขิงหมูกรอบ (0.88)	ผัดผักรวมมิตรหมู (0.88)	ผัดผักรวมมิตรกุ้ง (0.85)	หมูกรอบผัดพริกเกลือ (0.82)
ก๋วยเตี๋ยวผัดแกงเขียวหวานไก่	แกงเขียวหวานไก่ (0.97)	โรตีแกงเขียวหวานไก่ (0.95)	ผัดไทยไก่ (0.87)	ต้มยำไก่ (0.87)	แกงป่าไก่ (0.86)
ข้าวผัดน้ำพริกเผาไก่	ข้าวผัดเขียวหวานไก่ (0.97)	ข้าวผัดไก่ (0.97)	ข้าวผัดซีอิ๊วไก่ (0.91)	กต.ผัดแกงเขียวหวานไก่ (0.84)	ข้าวผัดพริกสดไก่ (0.83)
แกงส้มเนื้อปลากะพงไม่ทอด	แกงส้มเนื้อปลากะพง ทอด (0.99)	เนื้อปลากะพงทอดพริกไทยดำ (0.93)	แกงส้มเนื้อปลากะพง ไข่ชะอม (0.89)	ต้มยำเนื้อปลากะพง (0.88)	ต้มข่าเนื้อปลากะพง (0.87)
ปูนิ่มทอดกรอบ	ปูนิ่มทอดกระเทียม (0.72)	ปลากะพงทอดกรอบ (0.56)	ปลาทูทอด (0.55)	ทอดมันปลา (0.52)	ไข่ชะอมทอด 7 ชิ้น (0.48)
ข้าวราดกะเพรากุ้ง	ข้าวราดกะเพราปลาหมึก (0.89)	ข้าวราดกะเพราหมูกรอบ (0.83)	ข้าวราดกะเพราหมู (0.82)	ข้าวราดกะเพราไก่ (0.82)	ข้าวราดกะเพราหมูชาบู (0.81)
ยำมะม่วง	ยำตะไคร้ (0.89)	ยำกุนเชียง (0.88)	ยำไส้กรอก (0.87)	ยำหอยนางรม (0.87)	ยำถั่วพลู (0.85)
ไอศกรีมชาไทย	เฉาก๊วย ชาไทย (0.86)	ชาไทย (0.79)	ชาจีน (0.56)	ไอศครีมวานิลา (0.22)	ไอศครีมช็อกโกแลต (0.22)
ข้าวราดหน้าหมูน้ำมันหอย	หมูน้ำมันหอย (0.84)	ข้าวราดหน้าเนื้อน้ำมันหอย (0.77)	ข้าวราดกะเพราหมู (0.76)	ข้าวราดกะเพราหมูชาบู (0.76)	ข้าวหน้าคอหมูย่าง ไข่ดองซีอิ๊ว (0.74)
ต้มยำไก่	แกงเขียวหวานไก่ (0.89)	แกงป่าไก่ (0.87)	กต.ผัดแกงเขียวหวานไก่ (0.87)	ผัดไทยไก่ (0.87)	ต้มข่าไก่ (0.86)
ข้าวผัดซีอิ๊วปลาหมึก	ข้าวผัดน้ำพริกเผาปลาหมึก (0.89)	กต.ผัดซีอิ๊วปลาหมึก (0.88)	ข้าวผัดปลาหมึก (0.88)	ข้าวผัดซีอิ๊วกุ้ง (0.85)	ข้าวผัดซีอิ๊วไก่ (0.80)
เต้าหู้ผัดกะเพราเจ	แกงจืดเต้าหู้สาหร่ายเจ (0.88)	ทอดมันข้าวโพดเจ (0.85)	ผัดกะเพราเจ (0.84)	แกงเขียวหวานเจ (0.84)	ข้าวผัดเจ (0.83)
เนื้อปลากะพงทอดพริกไทยดำ	แกงส้มเนื้อปลากะพง ทอด (0.94)	แกงส้มเนื้อปลากะพง ไม่ทอด (0.93)	กะเพราเนื้อปลากะพง (0.88)	ต้มยำเนื้อปลากะพง (0.87)	ต้มข่าเนื้อปลากะพง (0.87)
แกงป่าหมู	หมูสะเต๊ะ (0.97)	หมูแดดเดียว (0.96)	หมูสะเด็ด (0.95)	แกงเขียวหวานหมู (0.93)	ผัดไทยหมู (0.92)
ลาบกุ้ง	ลาบวุ้นเส้นกุ้ง (0.92)	แกงป่ากุ้ง (0.90)	ต้มข่ากุ้ง (0.88)	ทอดมันกุ้ง (0.88)	แกงเขียวหวานกุ้ง (0.87)
ปูนิ่มผัดพริกไทยดำ	เนื้อปูผัดพริกไทยดำ (0.87)	หมูกรอบผัดพริกเกลือ (0.80)	กะหล่ำปลีผัดน้ำปลา (0.76)	เต้าหู้ผัดพริกกระเทียม (0.75)	ปูนิ่มผัดผงกระหรี่ (0.75)
ข้าวผัดน้ำพริกเผาเนิ้อ	ข้าวผัดกุนเชียง (0.94)	ข้าวผัดหมูยอ (0.94)	ข้าวผัดหนำเลี้ยบ (0.93)	ข้าวผัดน้ำพริกเผาปลาหมึก (0.86)	ข้าวผัดน้ำพริกลงเรือ (0.80)
น้ำผึ้งมะนาว	ชามะนาว (0.66)	น้ำอัญชัญมะนาวโซดา (0.54)	ไก่มะนาว (0.52)	น้ำเขียวมะนาวโซดา (0.51)	น้ำมะนาวโซดา (0.51)
ข้าวผัดปลาหมึก	ข้าวผัดน้ำพริกเผาปลาหมึก (0.97)	ข้าวผัดซีอิ๊วปลาหมึก (0.88)	ข้าวผัดหมูยอ (0.82)	ข้าวผัดกุนเชียง (0.82)	ข้าวผัดหนำเลี้ยบ (0.80)
ผัดขนมผักกาดเจ	ผัดผักบุ้ง เจ (0.97)	ผัดคะน้าเจ (0.97)	ผัดวุ้นเส้นดอกไม้จีนเจ (0.94)	เต้าหู้ผัดถั่วงอกเจ (0.93)	ถั่วแขกผัดกาน่าฉ่ายเจ (0.90)
หมี่ซั่วเจ	ขนมผักกาดเจ (0.97)	ห่อหมกเจ (0.96)	ผัดกะเพราเจ (0.96)	ทอดมันข้าวโพดเจ (0.90)	แกงเขียวหวานเจ (0.87)
เส้นหมี่ผัดกะเฉดไก่	เส้นหมี่ผัดกะเฉดหมู (0.89)	เส้นหมี่ผัดกะเฉด (0.86)	เส้นหมี่ผัดกะเฉดกุ้ง (0.84)	ไก่ผัดเม็ดมะม่วงหิมพานต์ (0.80)	ผัดผักกะเฉด (0.80)
ปอเปี๊ยะทอดเจ	เผือกทอดเจ (0.96)	หมูกรอบทอดเจ (0.95)	เต้าหู้ทอดเจ (0.93)	ลาบทอดเจ (0.93)	เต้าหู้และเผือกทอดเจ (0.90)
ถั่วแขกผัดกาน่าฉ่ายเจ	ผัดขนมผักกาดเจ (0.90)	ผัดผักบุ้ง เจ (0.89)	ผัดคะน้าเจ (0.88)	ผัดวุ้นเส้นดอกไม้จีนเจ (0.86)	เต้าหู้ผัดถั่วงอกเจ (0.86)
เผือกทอดเจ	ปอเปี๊ยะทอดเจ (0.96)	หมูกรอบทอดเจ (0.93)	ลาบทอดเจ (0.92)	เต้าหู้ทอดเจ (0.92)	เต้าหู้และเผือกทอดเจ (0.92)
เต้าหู้และเผือกทอดเจ	เต้าหู้ทอดเจ (0.98)	เผือกทอดเจ (0.92)	ปอเปี๊ยะทอดเจ (0.90)	หมูกรอบทอดเจ (0.90)	ลาบทอดเจ (0.86)
ขนมผักกาดเจ	ผัดกะเพราเจ (0.98)	ห่อหมกเจ (0.97)	หมี่ซั่วเจ (0.97)	ทอดมันข้าวโพดเจ (0.91)	แกงเขียวหวานเจ (0.87)
หมูกรอบทอดเจ	ปอเปี๊ยะทอดเจ (0.95)	เผือกทอดเจ (0.93)	เต้าหู้ทอดเจ (0.93)	ลาบทอดเจ (0.92)	เต้าหู้และเผือกทอดเจ (0.90)
หมูกรอบเจคั่วพริกเกลือ	กะเพราหมูกรอบเจ (0.74)	กะเพราหมูสับเจ (0.72)	เต้าหู้ผัดถั่วงอกเจ (0.68)	ผัดผักบุ้ง เจ (0.67)	ต้มยำเห็ดเจ (0.67)
กะเพราหมูกรอบเจ	กะเพราหมูสับเจ (0.94)	เต้าหู้ผัดกะเพราเจ (0.77)	ข้าวผัดซีอิ้วเจ (0.76)	แกงเขียวหวานเจ (0.76)	ข้าวผัดเจ (0.75)
กะเพราหมูสับเจ	กะเพราหมูกรอบเจ (0.94)	เต้าหู้ผัดกะเพราเจ (0.79)	ข้าวผัดซีอิ้วเจ (0.78)	ข้าวผัดเจ (0.78)	แกงเขียวหวานเจ (0.77)
ผัดเห็ดเข็มทองน้ำมันหอย	เนื้อออสเตรเลียผัดน้ำมันหอย (0.75)	หอยแมลงภู่นิวซีแลนด์ผัดผงกะหรี่ (0.70)	ผักกาดขาวน้ำมันหอย (0.63)	คะน้าฮ่องกงน้ำมันหอย (0.63)	กุ้งผัดเม็ดมะม่วงหิมพานต์ (0.63)
ผัดคะน้าเจ	ผัดผักบุ้ง เจ (0.97)	ผัดขนมผักกาดเจ (0.97)	ผัดวุ้นเส้นดอกไม้จีนเจ (0.93)	เต้าหู้ผัดถั่วงอกเจ (0.93)	ผัดผักรวมมิตรเจ (0.89)
ลาบทอดเจ	ปอเปี๊ยะทอดเจ (0.93)	เผือกทอดเจ (0.92)	หมูกรอบทอดเจ (0.92)	เต้าหู้ทอดเจ (0.89)	เต้าหู้และเผือกทอดเจ (0.86)
ยำวุ้นเส้นเจ	ยำผักบุ้งกรอบเจ (0.82)	ต้มยำเจ (0.81)	ผัดวุ้นเส้นดอกไม้จีนเจ (0.79)	ข้าวผัดซีอิ้วเจ (0.78)	แกงเขียวหวานเจ (0.78)
ปลากะพงสามรส	ปลากะพงแป๊ะซะ (0.99)	ปลากะพงผัดฉ่า (0.99)	แกงส้มปลากะพง ตัว (0.89)	ปลากะพงมหัสจรรย์ (0.89)	ปลากะพงนึ่งบ๊วย (0.85)
น้ำแก้วมังกรปั่น	น้ำแตงโมปั่น (0.96)	น้ำแคนตาลูปปั่น (0.95)	น้ำลิ้นจี่ปั่น (0.95)	น้ำสับปะรดปั่น (0.95)	น้ำมะพร้าวปั่น (0.86)
ผัดผักบุ้งเจ	ผัดขนมผักกาดเจ (0.97)	ผัดคะน้าเจ (0.97)	ผัดวุ้นเส้นดอกไม้จีนเจ (0.94)	เต้าหู้ผัดถั่วงอกเจ (0.93)	ผัดผักรวมมิตรเจ (0.90)
ผัดไทยไก่	แกงป่าไก่ (0.89)	แกงเขียวหวานไก่ (0.88)	ต้มข่าไก่ (0.88)	กต.ผัดแกงเขียวหวานไก่ (0.87)	ต้มยำไก่ (0.87)
ก๋วยเตี๋ยวผัดแกงเขียวหวานหมู	แกงเขียวหวานหมู (0.98)	โรตีแกงเขียวหวานหมู (0.96)	แกงเขียวหวานหมูพริกขี้หนู (0.94)	ผัดไทยหมู (0.90)	แกงป่าหมู (0.89)
ยำเห็ดฟาง	ยำเห็ดเข็มทอง (0.84)	ต้มโคล้งเห็ดฟาง (0.72)	ข้าวอบเห็ดหอม (0.67)	เมี่ยงเห็ด (0.64)	ยำเห็ดฟางเจ (0.60)
ยำเห็ดฟางเจ	ต้มยำเห็ดเจ (0.88)	ยำเห็ดรวมเจ (0.85)	ผัดกะเพราเห็ดเจ (0.83)	ต้มข่าเห็ดเจ (0.83)	ยำวุ้นเส้นเจ (0.78)
สุกี้ยากี้สูตรโบราณกุ้ง	แกงป่ากุ้ง (0.74)	ต้มข่ากุ้ง (0.74)	ทอดมันกุ้ง (0.74)	กต.ผัดแกงเขียวหวานกุ้ง (0.74)	แกงเขียวหวานกุ้ง (0.74)
ยำเห็ดรวมเจ	ยำเห็ดฟางเจ (0.85)	ผัดเห็ดรวมเจ (0.80)	ต้มยำเห็ดเจ (0.78)	เห็ดรวมทอดเจ (0.74)	ผัดกะเพราเห็ดเจ (0.72)
แกงเผ็ดยอดมะพร้าวไก่	แกงเผ็ดยอดมะพร้าวหมู (0.74)	แกงเผ็ดยอดมะพร้าวกุ้ง (0.64)	แกงป่าไก่ (0.61)	แกงเขียวหวานไก่ (0.60)	ผัดไทยไก่ (0.58)
แกงส้มทะเล	ห่อหมกทะเล (0.78)	ผัดไทยทะเล (0.74)	ไข่ตุ๋นต้มยำทะเลหม้อไฟ (0.72)	ยำทะเล (0.66)	ข้าวผัดทะเล (0.65)
ผัดมะกะโรนีขี้เมากะเพรากรอบกุ้ง	ผัดมะกะโรนีกุ้ง (0.87)	ผัดมะกะโรนีขี้เมากะเพรากรอบหมู (0.86)	กุ้งผัดหน่อไม้ฝรั่ง (0.83)	กุ้งผัดหนำเลี๊ยบ (0.82)	กุ้งผัดเม็ดมะม่วงหิมพานต์ (0.81)
ข้าวผัดซีอิ้วเจ	ข้าวผัดเจ (0.99)	เต้าหู้ผัดกะเพราเจ (0.83)	แกงเขียวหวานเจ (0.82)	ต้มยำเจ (0.81)	กต.ผัดซีอิ๊วเจ (0.81)
แกงป่าปลากราย	ขนมจีบปลากราย (0.97)	แกงเขียวหวานลูกชิ้นปลากราย (0.90)	โรตีแกงเขียวหวานลูกชิ้นปลากราย (0.82)	ปลาเปรี้ยวหวาน (0.80)	ข้าวผัดเขียวหวานปลากราย (0.79)
ต้มโคล้งเห็ดฟาง	เมี่ยงเห็ด (0.85)	ข้าวอบเห็ดหอม (0.81)	ยำเห็ดฟาง (0.72)	ยำเห็ดเข็มทอง (0.50)	ผัดเห็ดเข็มทองน้ำมันหอย (0.39)
ข้าวผัดผงกระหรี่เนื้อ	ข้าวผัดผงกระหรี่ปลาหมึก (0.80)	ข้าวผัดเขียวหวานเนื้อ (0.76)	ข้าวผัดผงกระหรี่ไก่ (0.75)	ข้าวผัดผงกระหรี่หมู (0.75)	ข้าวผัดน้ำพริกเผาเนื้อปลากระพง (0.74)
ปีกไก่ทอด	ปีกไก่ทอดสมุนไพร (0.91)	ปอเปี๊ยะข้าวเหนียวไก่ทอด (0.50)	ขาหมูทอดส้มตำ (0.19)	ข้าวผัดเขียวหวานหมู (0.18)	ข้าวผัดเขียวหวานไก่ (0.18)
ผัดไทยหมู	แกงป่าหมู (0.92)	แกงเขียวหวานหมู (0.91)	หมูสะเต๊ะ (0.91)	กต.ผัดแกงเขียวหวานหมู (0.90)	หมูแดดเดียว (0.89)
สปาเก็ตตี้หมู	สปาเก็ตตี้ขี้เมาหมู (0.96)	แกงป่าหมู (0.75)	หมูสะเต๊ะ (0.75)	หมูแดดเดียว (0.75)	โรตีแกงเขียวหวานหมู (0.74)
เนื้อปูไข่ข้น	ไข่เจียวเนื้อปู (0.87)	ข้าวราดไข่เจียวเนื้อปู (0.73)	แกงป่าเนื้อ (0.71)	เนื้อปูผัดผงกะหรี่ (0.70)	เนื้อแดดเดียว (0.68)
คะน้าฮ่องกงน้ำมันหอย	ผักกาดขาวน้ำมันหอย (0.85)	ผัดเห็ดเข็มทองน้ำมันหอย (0.63)	หมูน้ำมันหอย (0.62)	เนื้อออสเตรเลียผัดน้ำมันหอย (0.56)	ข้าวราดหน้าหมูน้ำมันหอย (0.52)
ข้าวเหนียวกระติ๊ป	ข้าวต้มเนื้อปลากระพง (0.25)	ข้าวผัดผงกระหรี่ไก่ (0.25)	ข้าวผัดน้ำพริกเผาเนื้อปลากระพง (0.21)	ข้าวผัดผงกระหรี่ปลาหมึก (0.21)	ข้าวผัดผงกระหรี่หมู (0.20)
น้ำลิ้นจี่ปั่น	น้ำแคนตาลูปปั่น (0.98)	น้ำแตงโมปั่น (0.98)	น้ำสับปะรดปั่น (0.97)	น้ำแก้วมังกรปั่น (0.95)	น้ำมะพร้าวปั่น (0.89)
โค้กซีโร่	สลัดแฮม (0.00)	คะน้าปลาเค็ม (0.00)	แกงเขียวหวานหมู (0.00)	กต.หลอดทรงเครื่อง (0.00)	ปลาหมึกทอดกระเทียมพริกไทย (0.00)
แกงป่าเนื้อ	เนื้อแดดเดียว (0.96)	แกงเขียวหวานเนื้อ (0.93)	ลาบเนื้อ (0.90)	เนื้อน้ำตก (0.90)	แกงเขียวหวานเนื้อพริกขี้หนู (0.88)
โรตีแกงเขียวหวานลูกชิ้นปลากราย	แกงเขียวหวานลูกชิ้นปลากราย (0.96)	ข้าวผัดเขียวหวานปลากราย (0.86)	แกงป่าปลากราย (0.82)	ขนมจีบปลากราย (0.78)	แกงส้มปลาทูน่า (0.70)
ไอศกรีมสตรอบอรี่	ไอศครีมวานิลา (0.34)	ไอศครีมช็อกโกแลต (0.33)	คะน้าปลาเค็ม (0.00)	แกงเขียวหวานหมู (0.00)	กต.หลอดทรงเครื่อง (0.00)
ไก่ทอด/ส้มตำ/ข้าวเหนียว	ปอเปี๊ยะข้าวเหนียวไก่ทอด (0.57)	ส้มตำไข่เค็ม (0.51)	โรตีแกงเขียวหวานหมู (0.31)	ข้าวผัดน้ำพริกเผาหมู (0.30)	กต.ผัดแกงเขียวหวานหมู (0.30)
น้ำมะตูมร้อน	น้ำขิงร้อน (0.97)	น้ำมะตูม (0.84)	น้ำขิง (0.82)	น้ำกระเจี๊ยบ (0.81)	น้ำเก็กฮวยรสน้ำผึ้ง (0.78)
เนื้อปลากะพงมะนาว	เนื้อปลากะพงนึ่งมะนาว (0.94)	เนื้อปลากะพงสามรส (0.93)	ต้มข่าเนื้อปลากะพง (0.92)	กะเพราเนื้อปลากะพง (0.91)	ต้มยำเนื้อปลากะพง (0.90)
สลัดรวม	สลัดผักสด (0.34)	สลัดแฮม (0.27)	สลัดทูน่า (0.27)	สลัดโรล (0.24)	แกงส้มผักรวม (0.22)
ลาเต้	กาแฟเย็น (0.24)	กาแฟร้อน (0.13)	ไอศครีมช็อกโกแลต (0.09)	ไอศครีมวานิลา (0.06)	ปลาหมึกทอดกระเทียมพริกไทย (0.00)
แกงส้มปลาช่อนนึ่ง	ปลาช่อนนึ่งมะนาว (0.68)	แกงส้มปลาช่อน ทอด (0.63)	ปลาหมึกนึ่งมะนาว (0.56)	ปลากะพงนึ่งบ๊วย (0.55)	แกงส้มชะอมไข่กุ้ง (0.54)
เนื้อปลากะพงสามรส	ต้มข่าเนื้อปลากะพง (0.99)	ต้มยำเนื้อปลากะพง (0.96)	กะเพราเนื้อปลากะพง (0.94)	เนื้อปลากะพงมะนาว (0.93)	แกงส้มเนื้อปลากะพง ไข่ชะอม (0.88)
สลัดทูน่า	สลัดผักสด (0.83)	สลัดแฮม (0.79)	สลัดโรล (0.74)	สลัดไข่ (0.54)	สลัดกุ้งวาซาบิ (0.51)
คาปูชิโน่	สลัดปู (0.55)	ข้าวผัดปู (0.43)	ไข่เจียวเนื้อปู (0.13)	ปูนิ่มทอดกระเทียม (0.10)	ปูนิ่มทอดกรอบ (0.08)
กะเพราทะเล	ห่อหมกทะเล (0.70)	ผัดไทยทะเล (0.69)	ไข่ตุ๋นต้มยำทะเลหม้อไฟ (0.65)	แกงส้มทะเล (0.64)	ข้าวผัดทะเล (0.63)
ปลาช่อนแดดเดียว	ปลาช่อนแป๊ะซะ (0.87)	พล่าปลาช่อน (0.77)	โรตีแกงเขียวหวานลูกชิ้นปลากราย (0.55)	แกงเขียวหวานลูกชิ้นปลากราย (0.53)	แกงส้มปลากะพง ตัว (0.52)
กะเพราเนื้อปลากะพง	ต้มข่าเนื้อปลากะพง (0.95)	เนื้อปลากะพงสามรส (0.94)	ต้มยำเนื้อปลากะพง (0.93)	เนื้อปลากะพงมะนาว (0.91)	ข้าวราดกะเพราเนื้อปลากะพง (0.89)
ข้าวผัดน้ำพริกเผาปลาหมึก	ข้าวผัดปลาหมึก (0.97)	ข้าวผัดซีอิ๊วปลาหมึก (0.89)	ข้าวผัดน้ำพริกเผาเนิ้อ (0.86)	ข้าวผัดกุนเชียง (0.83)	ข้าวผัดหมูยอ (0.83)
ลาบวุ้นเส้นไก่	ลาบไก่ (0.90)	แกงเขียวหวานไก่ (0.80)	แกงป่าไก่ (0.80)	ผัดไทยไก่ (0.79)	ต้มยำไก่ (0.79)
ไอศกรีมช็อกโกแลต	ไอศครีมวานิลา (0.96)	ไอศครีมกะทิสด (0.38)	ไอศครีมสตรอบอรี่ (0.33)	มะพร้าวอ่อนหวานเย็น (0.25)	ไอศครีมชาไทย (0.22)
ลาบเนื้อ	แกงป่าเนื้อ (0.90)	เนื้อแดดเดียว (0.88)	แกงเขียวหวานเนื้อ (0.87)	แกงเขียวหวานเนื้อพริกขี้หนู (0.83)	โรตีแกงเขียวหวานเนื้อ (0.82)
โอวัลตินร้อน	น้ำตะไคร้ร้อน (0.94)	ออส่วนกระทะร้อน (0.59)	น้ำขิงร้อน (0.36)	โอวัลตินเย็น (0.35)	น้ำมะตูมร้อน (0.34)
สปาเก็ตตี้ไก่	ต้มข่าไก่ (0.72)	แกงป่าไก่ (0.70)	สลัดไก่ (0.70)	มัสมั่นไก่ (0.70)	แกงเขียวหวานไก่ (0.69)
ค่าเปิดขวด	สลัดแฮม (0.00)	คะน้าปลาเค็ม (0.00)	แกงเขียวหวานหมู (0.00)	กต.หลอดทรงเครื่อง (0.00)	ปลาหมึกทอดกระเทียมพริกไทย (0.00)
ลิ้นจี่ลอยแก้ว	มะยงชิดลอยแก้ว (0.70)	สาคูแคนตาลูป (0.33)	มะม่วงกวน (0.31)	มะพร้าวอ่อนหวานเย็น (0.23)	ข้าวอบสับปะรด (0.22)
ข้าวผัดพริกสดเนื้อ	ข้าวผัดเขียวหวานเนื้อ (0.84)	แกงเขียวหวานเนื้อพริกขี้หนู (0.78)	เนื้อปูผัดพริกไทยดำ (0.77)	ข้าวผัดพริกสดปลาหมึก (0.75)	โรตีแกงเขียวหวานเนื้อ (0.73)
โอวัลตินเย็น	โกโก้เย็น (0.88)	โอวัลตินร้อน (0.35)	ชาดำเย็น (0.34)	น้ำตะไคร้ร้อน (0.21)	น้ำขิงร้อน (0.09)
ก๋วยเตี๋ยวผัดซีอิ๊วปลาหมึก	ข้าวผัดซีอิ๊วปลาหมึก (0.88)	กต.ผัดซีอิ๊วกุ้ง (0.75)	ข้าวผัดซีอิ๊วกุ้ง (0.72)	ข้าวผัดน้ำพริกเผาปลาหมึก (0.69)	ข้าวผัดปลาหมึก (0.66)
แกงจืดรวมมิตร	แกงจืดไข่น้ำ (0.70)	ต้มยำรวมมิตร (0.68)	แกงจืดลูกรอก (0.64)	ผัดผักรวมมิตรหมูกรอบ (0.49)	แกงจืดเต้าหู้ วุ้นเส้น หมูสับ (0.48)
ข้าวผัดหมูยอ	ข้าวผัดหนำเลี้ยบ (0.99)	ข้าวผัดกุนเชียง (0.98)	ข้าวผัดน้ำพริกเผาเนิ้อ (0.94)	ข้าวผัดน้ำพริกเผาปลาหมึก (0.83)	ข้าวผัดปลาหมึก (0.82)
เส้นเล็กลวก	กะเพราปลาหมึก (0.00)	กต.หลอดทรงเครื่อง (0.00)	ปลาหมึกทอดกระเทียมพริกไทย (0.00)	พล่ากุ้ง (0.00)	ต้มยำเนื้อปลากะพง (0.00)
สลัดแฮม	สลัดผักสด (0.87)	สลัดโรล (0.82)	สลัดทูน่า (0.79)	สลัดไข่ (0.52)	สลัดปู (0.48)
